uuid,acq,batch_size,date,dim_basis,dim_h1,dim_h2,embedding,epochs,group,immediate_regret,incumbent,lr,model,n_init,n_iter,name,nn_aggregator,num_mcmc,num_nn,num_steps,obj_func,seed,weight_decay
0,,,,,,,,,,,,,,,,,,,,,,,
0025b941,UCB,80.0,2018-08-21 10:46:12.764828,50.0,50.0,50.0,,1000.0,minibatch,[1.10236055e-05],[-0.00185369],0.01,dngo,20.0,200.0,0025b941--g-minibatch-s-1-m-dngo-bs-80-init-20-k-200-f-sintwo,median,0.0,1.0,200.0,sintwo,1.0,0.0
02c864ed,UCB,1000.0,2018-08-21 11:23:44.746592,50.0,50.0,50.0,,1000.0,funcs,[0.57951807],[-3.57951807],0.01,dngo,20.0,200.0,02c864ed--g-funcs-s-1-m-dngo-init-20-k-200-f-goldsteinprice,median,0.0,1.0,200.0,goldsteinprice,1.0,0.0
06219107,UCB,1000.0,2018-08-21 15:30:36.498803,50.0,50.0,50.0,,1000.0,funcs,[0.02602233],[-3.02602233],0.01,gp,20.0,200.0,06219107--g-funcs-s-1-m-gp-init-20-k-200-f-goldsteinprice,median,0.0,1.0,200.0,goldsteinprice,1.0,0.0
06fe943e,UCB,1000.0,2018-08-21 11:48:49.230210,50.0,50.0,50.0,,1000.0,funcs,[0.20547038],[-0.20547038],0.01,dngo,20.0,200.0,06fe943e--g-funcs-s-1-m-dngo-nn-5-agg-median-init-20-k-200-f-rosenbrock,median,0.0,5.0,200.0,rosenbrock,1.0,0.0
09afd9fe,UCB,1000.0,2018-08-21 10:45:12.173160,50.0,50.0,50.0,,1000.0,epoch,[9.09344203e-08],[-9.09344203e-08],0.01,dngo,20.0,200.0,09afd9fe--g-epoch-s-1-m-dngo-init-20-k-200-e-1000-f-levy,median,0.0,1.0,200.0,levy,1.0,0.0
0ad63da0,UCB,1000.0,2018-08-21 11:33:42.124417,50.0,50.0,50.0,,1000.0,funcs,[3.23281457e-10],[-0.04292634],0.01,dngo,20.0,200.0,0ad63da0--g-funcs-s-1-m-dngo-init-20-k-200-f-sinone,median,0.0,1.0,200.0,sinone,1.0,0.0
0b906ec0,UCB,1000.0,2018-08-22 05:12:45.785571,50.0,50.0,50.0,,1000.0,funcs,[5.01037256e-08],[6.02074005],0.01,dngo,20.0,200.0,0b906ec0--g-funcs-s-1-m-dngo-mcmc-20-init-20-k-200-f-forrester,median,20.0,1.0,200.0,forrester,1.0,0.0
0bb4a1fc,UCB,1000.0,2018-08-21 14:47:02.350568,50.0,50.0,50.0,,1000.0,funcs,[2.57246423],[-5.57246423],0.01,dngo,20.0,200.0,0bb4a1fc--g-funcs-s-1-m-dngo-init-20-k-200-f-goldsteinprice,median,0.0,1.0,200.0,goldsteinprice,1.0,0.0
0c4ff431,UCB,1000.0,2018-08-21 18:39:20.954963,50.0,50.0,50.0,,1000.0,funcs,[0.0050031],[-0.00684577],0.01,dngo,20.0,200.0,0c4ff431--g-funcs-s-1-m-dngo-nn-10-agg-median-init-20-k-200-f-sintwo,median,0.0,10.0,200.0,sintwo,1.0,0.0
0d6d3e07,UCB,1000.0,2018-08-21 15:48:36.789060,50.0,50.0,50.0,,1000.0,funcs,[0.00022562],[-0.39811298],0.01,dngo,20.0,200.0,0d6d3e07--g-funcs-s-1-m-dngo-init-20-k-200-f-branin,median,0.0,1.0,200.0,branin,1.0,0.0
0db453f7,UCB,1000.0,2018-08-22 04:41:19.097309,50.0,50.0,50.0,,1000.0,funcs,[2.67400306],[-2.67400306],0.01,dngo,20.0,200.0,0db453f7--g-funcs-s-1-m-dngo-nn-5-agg-max-init-20-k-200-f-bohachevsky,max,0.0,5.0,200.0,bohachevsky,1.0,0.0
0e651e60,UCB,1000.0,2018-08-21 17:39:08.907234,50.0,50.0,50.0,,1000.0,funcs,[0.00053699],[1.03109143],0.01,dngo,20.0,200.0,0e651e60--g-funcs-s-1-m-dngo-nn-10-agg-median-init-20-k-200-f-camelback,median,0.0,10.0,200.0,camelback,1.0,0.0
117bfe9f,UCB,1000.0,2018-08-21 13:45:42.892170,50.0,50.0,50.0,,1000.0,funcs,[9.48057752e-07],[3.86277858],0.01,gp,20.0,200.0,117bfe9f--g-funcs-s-1-m-gp-init-20-k-200-f-hartmann3,median,0.0,1.0,200.0,hartmann3,1.0,0.0
11efcc9b,UCB,1000.0,2018-08-21 16:51:10.311069,50.0,50.0,50.0,,1000.0,highdim,[1396.02023995],[-1396.02023995],0.01,dngo,100.0,200.0,11efcc9b--g-highdim-s-1-m-dngo-init-100-mcmc-20-k-200-f-rosenbrock8D,median,20.0,1.0,180.0,rosenbrock8D,1.0,0.0
121b1985,UCB,1000.0,2018-08-21 11:38:10.933764,50.0,50.0,50.0,,1000.0,funcs,[8.00900953e-06],[1.03162041],0.01,dngo,20.0,200.0,121b1985--g-funcs-s-1-m-dngo-nn-5-agg-median-init-20-k-200-f-camelback,median,0.0,5.0,200.0,camelback,1.0,0.0
131cfac2,UCB,1000.0,2018-08-22 04:41:19.209149,50.0,50.0,50.0,,1000.0,funcs,[0.11370168],[3.20866633],0.01,dngo,20.0,200.0,131cfac2--g-funcs-s-1-m-dngo-mcmc-20-init-20-k-200-f-hartmann6,median,20.0,1.0,80.0,hartmann6,1.0,0.0
159b53f0,UCB,1000.0,2018-08-21 11:40:15.429439,50.0,50.0,50.0,,1000.0,funcs,[2.67400306],[-2.67400306],0.01,dngo,20.0,200.0,159b53f0--g-funcs-s-1-m-dngo-nn-5-agg-median-init-20-k-200-f-bohachevsky,median,0.0,5.0,200.0,bohachevsky,1.0,0.0
15ad1f47,UCB,1000.0,2018-08-21 23:08:09.201215,50.0,50.0,50.0,,1000.0,funcs,[1.43485405e-06],[-1.43485405e-06],0.01,dngo,20.0,200.0,15ad1f47--g-funcs-s-1-m-dngo-mcmc-20-init-20-k-200-f-levy,median,20.0,1.0,200.0,levy,1.0,0.0
164685bc,UCB,1000.0,2018-08-21 14:26:48.287500,50.0,50.0,50.0,,1000.0,funcs,[0.06710093],[3.25526708],0.01,dngo,20.0,200.0,164685bc--g-funcs-s-1-m-dngo-init-20-k-200-f-hartmann6,median,0.0,1.0,160.0,hartmann6,1.0,0.0
17ee4706,UCB,1000.0,2018-08-21 19:11:54.007509,50.0,50.0,50.0,,1000.0,funcs,[0.03504751],[3.2873205],0.01,dngo,20.0,200.0,17ee4706--g-funcs-s-1-m-dngo-nn-5-agg-median-init-20-k-200-f-hartmann6,median,0.0,5.0,170.0,hartmann6,1.0,0.0
18229580,UCB,1000.0,2018-08-21 16:45:34.082286,50.0,50.0,50.0,,1000.0,l2,[5.39121717e-05],[3.86272562],0.01,dngo,20.0,200.0,18229580--g-l2-s-1-m-dngo-init-20-k-200-l2-0.0-f-hartmann3,median,0.0,1.0,200.0,hartmann3,1.0,0.0
194713fa,UCB,1000.0,2018-08-21 12:31:57.914017,50.0,50.0,50.0,,1000.0,funcs,[0.0012756],[1.03035282],0.01,dngo,20.0,200.0,194713fa--g-funcs-s-1-m-dngo-mcmc-20-init-20-k-200-f-camelback,median,20.0,1.0,200.0,camelback,1.0,0.0
1b255ccd,UCB,1000.0,2018-08-21 19:38:22.874229,50.0,50.0,50.0,,1000.0,funcs,[0.44473654],[-0.44473654],0.01,dngo,20.0,200.0,1b255ccd--g-funcs-s-1-m-dngo-nn-5-agg-median-init-20-k-200-f-rosenbrock,median,0.0,5.0,200.0,rosenbrock,1.0,0.0
1dafd0aa,UCB,1000.0,2018-08-21 10:46:42.547130,50.0,50.0,50.0,,1000.0,funcs,[0.0012321],[-0.00307477],0.01,gp,20.0,200.0,1dafd0aa--g-funcs-s-1-m-gp-init-20-k-200-f-sintwo,median,0.0,1.0,200.0,sintwo,1.0,0.0
1e16d9b4,UCB,1000.0,2018-08-21 20:17:32.867993,50.0,50.0,50.0,,1000.0,funcs,[0.00145538],[1.03017304],0.01,dngo,20.0,200.0,1e16d9b4--g-funcs-s-1-m-dngo-nn-5-agg-max-init-20-k-200-f-camelback,max,0.0,5.0,200.0,camelback,1.0,0.0
1e2f2aa3,UCB,1000.0,2018-08-21 15:16:33.968845,50.0,50.0,50.0,,1000.0,funcs,[0.20048014],[3.12188787],0.01,gp,20.0,200.0,1e2f2aa3--g-funcs-s-1-m-gp-init-20-k-200-f-hartmann6,median,0.0,1.0,190.0,hartmann6,1.0,0.0
1ee3cedc,UCB,1000.0,2018-08-22 00:41:22.041090,50.0,50.0,50.0,,1000.0,funcs,[0.01995366],[3.30241435],0.01,dngo,20.0,200.0,1ee3cedc--g-funcs-s-1-m-dngo-nn-5-agg-median-init-20-k-200-f-hartmann6,median,0.0,5.0,160.0,hartmann6,1.0,0.0
1f850f71,UCB,1000.0,2018-08-21 10:45:42.082794,50.0,50.0,50.0,[0.0],1000.0,embedding,[0.05075352],[-0.09367986],0.01,dngo,20.0,200.0,1f850f71--g-em-s-1-m-dngo-init-20-nn-5-agg-max-k-200-em-0-f-sinone,max,0.0,5.0,200.0,sinone,1.0,0.0
205613d4,UCB,1000.0,2018-08-21 15:15:34.138739,50.0,50.0,50.0,,1000.0,funcs,[7.72020124e-07],[3.86277876],0.01,gp,20.0,200.0,205613d4--g-funcs-s-1-m-gp-init-20-k-200-f-hartmann3,median,0.0,1.0,200.0,hartmann3,1.0,0.0
205ff41a,UCB,1000.0,2018-08-21 14:20:18.994559,50.0,50.0,50.0,,1000.0,funcs,[0.00478376],[-0.00662643],0.01,gp,20.0,200.0,205ff41a--g-funcs-s-1-m-gp-init-20-k-200-f-sintwo,median,0.0,1.0,200.0,sintwo,1.0,0.0
21141355,UCB,1000.0,2018-08-22 01:26:15.056611,50.0,50.0,50.0,,1000.0,funcs,[1.62709662e-06],[-1.62709662e-06],0.01,dngo,20.0,200.0,21141355--g-funcs-s-1-m-dngo-nn-5-agg-median-init-20-k-200-f-levy,median,0.0,5.0,200.0,levy,1.0,0.0
245976cd,UCB,10.0,2018-08-21 10:46:12.180160,50.0,50.0,50.0,,1000.0,minibatch,[0.00279611],[-0.00463879],0.01,dngo,20.0,200.0,245976cd--g-minibatch-s-1-m-dngo-bs-10-init-20-k-200-f-sintwo,median,0.0,1.0,200.0,sintwo,1.0,0.0
25778faf,UCB,320.0,2018-08-21 10:46:12.324394,50.0,50.0,50.0,,1000.0,minibatch,[5.04049266e-05],[-0.00189308],0.01,dngo,20.0,200.0,25778faf--g-minibatch-s-1-m-dngo-bs-320-init-20-k-200-f-sintwo,median,0.0,1.0,200.0,sintwo,1.0,0.0
2680ef33,UCB,1000.0,2018-08-22 04:41:19.341121,50.0,50.0,50.0,,1000.0,funcs,[3.20413751e-10],[-0.04292634],0.01,dngo,20.0,200.0,2680ef33--g-funcs-s-1-m-dngo-nn-5-agg-max-init-20-k-200-f-sinone,max,0.0,5.0,200.0,sinone,1.0,0.0
26cc72d0,UCB,1000.0,2018-08-21 10:46:10.982763,50.0,50.0,50.0,,1000.0,ensemble_size,[0.00068791],[-0.39857527],0.01,dngo,20.0,200.0,26cc72d0--g-ensemble_size-s-1-m-dngo-init-20-k-200-f-branin-nn-15-agg-median,median,0.0,15.0,200.0,branin,1.0,0.0
27f94937,UCB,1000.0,2018-08-21 11:54:49.927656,50.0,50.0,50.0,,1000.0,funcs,[0.07786446],[3.24450355],0.01,dngo,20.0,200.0,27f94937--g-funcs-s-1-m-dngo-nn-5-agg-max-init-20-k-200-f-hartmann6,max,0.0,5.0,180.0,hartmann6,1.0,0.0
292423d4,UCB,1000.0,2018-08-21 23:47:18.981834,50.0,50.0,50.0,,1000.0,funcs,[0.00097739],[1.03065103],0.01,dngo,20.0,200.0,292423d4--g-funcs-s-1-m-dngo-nn-10-agg-median-init-20-k-200-f-camelback,median,0.0,10.0,200.0,camelback,1.0,0.0
299b7e3d,UCB,1000.0,2018-08-22 00:20:21.805370,50.0,50.0,50.0,,1000.0,funcs,[0.00322299],[-0.40111035],0.01,dngo,20.0,200.0,299b7e3d--g-funcs-s-1-m-dngo-nn-5-agg-median-init-20-k-200-f-branin,median,0.0,5.0,200.0,branin,1.0,0.0
2a4599ba,UCB,1000.0,2018-08-21 16:43:31.617908,50.0,50.0,50.0,,1000.0,l2,[7.21845174e-05],[3.86270735],0.01,dngo,20.0,200.0,2a4599ba--g-l2-s-1-m-dngo-init-20-k-200-l2-0.00001-f-hartmann3,median,0.0,1.0,200.0,hartmann3,1.0,1e-05
2b1b331d,UCB,1000.0,2018-08-21 15:14:04.979849,50.0,50.0,50.0,,1000.0,funcs,[2.12953401e-07],[-0.39788757],0.01,gp,20.0,200.0,2b1b331d--g-funcs-s-1-m-gp-init-20-k-200-f-branin,median,0.0,1.0,200.0,branin,1.0,0.0
2c9035c0,UCB,1000.0,2018-08-21 17:13:09.606683,50.0,50.0,50.0,,1000.0,funcs,[0.00022562],[-0.39811298],0.01,dngo,20.0,200.0,2c9035c0--g-funcs-s-1-m-dngo-nn-10-agg-median-init-20-k-200-f-branin,median,0.0,10.0,200.0,branin,1.0,0.0
2ca3cc33,UCB,1000.0,2018-08-21 19:32:24.303023,50.0,50.0,50.0,,1000.0,funcs,[2.89948746e-06],[-2.89948746e-06],0.01,dngo,20.0,200.0,2ca3cc33--g-funcs-s-1-m-dngo-nn-5-agg-median-init-20-k-200-f-levy,median,0.0,5.0,200.0,levy,1.0,0.0
2cc8ff73,UCB,1000.0,2018-08-22 04:41:19.517422,50.0,50.0,50.0,,1000.0,funcs,[1.62709662e-06],[-1.62709662e-06],0.01,dngo,20.0,200.0,2cc8ff73--g-funcs-s-1-m-dngo-nn-5-agg-max-init-20-k-200-f-levy,max,0.0,5.0,200.0,levy,1.0,0.0
2ed60da7,UCB,1000.0,2018-08-21 21:34:42.714070,50.0,50.0,50.0,,1000.0,funcs,[3.08432414e-05],[-0.00187351],0.01,dngo,20.0,200.0,2ed60da7--g-funcs-s-1-m-dngo-nn-5-agg-max-init-20-k-200-f-sintwo,max,0.0,5.0,200.0,sintwo,1.0,0.0
2f08e6ed,UCB,1000.0,2018-08-21 11:30:13.058596,50.0,50.0,50.0,,1000.0,funcs,[0.14880385],[-0.14880385],0.01,dngo,20.0,200.0,2f08e6ed--g-funcs-s-1-m-dngo-init-20-k-200-f-rosenbrock,median,0.0,1.0,200.0,rosenbrock,1.0,0.0
2fa984ef,UCB,1000.0,2018-08-21 10:46:12.389382,50.0,50.0,50.0,,1000.0,ensemble_size,[0.00022562],[-0.39811298],0.01,dngo,20.0,200.0,2fa984ef--g-ensemble_size-s-1-m-dngo-init-20-k-200-f-branin-nn-10-agg-median,median,0.0,10.0,200.0,branin,1.0,0.0
32d620d5,UCB,1000.0,2018-08-21 10:45:41.403343,50.0,50.0,50.0,,1000.0,l2,[1.2388458],[-4.2388458],0.01,dngo,20.0,200.0,32d620d5--g-l2-s-1-m-dngo-init-20-k-200-l2-0.0001-f-goldsteinprice,median,0.0,1.0,200.0,goldsteinprice,1.0,0.0001
346038b9,UCB,1000.0,2018-08-22 01:42:44.036364,50.0,50.0,50.0,,1000.0,funcs,[2.13443761e-05],[-0.00186402],0.01,dngo,20.0,200.0,346038b9--g-funcs-s-1-m-dngo-nn-5-agg-median-init-20-k-200-f-sintwo,median,0.0,5.0,200.0,sintwo,1.0,0.0
34859856,UCB,1000.0,2018-08-21 12:49:59.846158,50.0,50.0,50.0,,1000.0,funcs,[4.50752877e-06],[-4.50752877e-06],0.01,dngo,20.0,200.0,34859856--g-funcs-s-1-m-dngo-mcmc-20-init-20-k-200-f-levy,median,20.0,1.0,200.0,levy,1.0,0.0
3512dade,UCB,1000.0,2018-08-22 04:39:58.094805,50.0,50.0,50.0,,1000.0,funcs,[0.00022562],[-0.39811298],0.01,dngo,20.0,200.0,3512dade--g-funcs-s-1-m-dngo-nn-5-agg-max-init-20-k-200-f-branin,max,0.0,5.0,200.0,branin,1.0,0.0
36e6179b,UCB,1000.0,2018-08-21 10:46:42.577919,50.0,50.0,50.0,,1000.0,funcs,[0.05135663],[-3.05135663],0.01,gp,20.0,200.0,36e6179b--g-funcs-s-1-m-gp-init-20-k-200-f-goldsteinprice,median,0.0,1.0,200.0,goldsteinprice,1.0,0.0
375fd7a7,UCB,1000.0,2018-08-21 16:35:11.050491,50.0,50.0,50.0,,1000.0,l2,[0.01113259],[3.85164694],0.01,dngo,20.0,200.0,375fd7a7--g-l2-s-1-m-dngo-init-20-k-200-l2-0.001-f-hartmann3,median,0.0,1.0,200.0,hartmann3,1.0,0.001
37ff53a5,UCB,1000.0,2018-08-21 10:46:11.124947,50.0,50.0,50.0,,1000.0,funcs,[1.10987398e-06],[3.86277842],0.01,gp,20.0,200.0,37ff53a5--g-funcs-s-1-m-gp-init-20-k-200-f-hartmann3,median,0.0,1.0,200.0,hartmann3,1.0,0.0
390595eb,UCB,1000.0,2018-08-21 20:25:04.082082,50.0,50.0,50.0,,1000.0,funcs,[5.56820101e-08],[6.02074006],0.01,dngo,20.0,200.0,390595eb--g-funcs-s-1-m-dngo-nn-5-agg-max-init-20-k-200-f-forrester,max,0.0,5.0,200.0,forrester,1.0,0.0
39db77fb,UCB,1000.0,2018-08-21 16:12:09.880271,50.0,50.0,50.0,,1000.0,funcs,[4.31847559e-05],[3.86273635],0.01,dngo,20.0,200.0,39db77fb--g-funcs-s-1-m-dngo-init-20-k-200-f-hartmann3,median,0.0,1.0,200.0,hartmann3,1.0,0.0
3ada5bb1,UCB,1000.0,2018-08-21 14:05:50.221770,50.0,50.0,50.0,,1000.0,funcs,[0.06086794],[-3.06086794],0.01,gp,20.0,200.0,3ada5bb1--g-funcs-s-1-m-gp-init-20-k-200-f-goldsteinprice,median,0.0,1.0,200.0,goldsteinprice,1.0,0.0
3b6b2e36,UCB,1000.0,2018-08-21 15:28:06.303724,50.0,50.0,50.0,,1000.0,funcs,[0.56183771],[-0.56183771],0.01,gp,20.0,200.0,3b6b2e36--g-funcs-s-1-m-gp-init-20-k-200-f-bohachevsky,median,0.0,1.0,190.0,bohachevsky,1.0,0.0
3ce0908c,UCB,1000.0,2018-08-21 11:53:49.190409,50.0,50.0,50.0,,1000.0,funcs,[2.14202782e-05],[3.86275811],0.01,dngo,20.0,200.0,3ce0908c--g-funcs-s-1-m-dngo-nn-5-agg-max-init-20-k-200-f-hartmann3,max,0.0,5.0,200.0,hartmann3,1.0,0.0
3cf5a029,UCB,1000.0,2018-08-21 20:07:31.978383,50.0,50.0,50.0,,1000.0,funcs,[0.00022562],[-0.39811298],0.01,dngo,20.0,200.0,3cf5a029--g-funcs-s-1-m-dngo-nn-5-agg-max-init-20-k-200-f-branin,max,0.0,5.0,200.0,branin,1.0,0.0
4125388e,UCB,1000.0,2018-08-21 16:12:09.880134,50.0,50.0,50.0,,1000.0,funcs,[0.16010429],[3.16226372],0.01,dngo,20.0,200.0,4125388e--g-funcs-s-1-m-dngo-init-20-k-200-f-hartmann6,median,0.0,1.0,170.0,hartmann6,1.0,0.0
41aed996,UCB,1000.0,2018-08-21 13:42:30.017600,50.0,50.0,50.0,,1000.0,funcs,[3.71823691e-07],[-0.39788773],0.01,gp,20.0,200.0,41aed996--g-funcs-s-1-m-gp-init-20-k-200-f-branin,median,0.0,1.0,200.0,branin,1.0,0.0
42a2f216,UCB,1000.0,2018-08-22 04:41:19.265205,50.0,50.0,50.0,,1000.0,funcs,[7.75421459e-06],[-0.00185043],0.01,dngo,20.0,200.0,42a2f216--g-funcs-s-1-m-dngo-nn-5-agg-max-init-20-k-200-f-sintwo,max,0.0,5.0,200.0,sintwo,1.0,0.0
42a7a090,UCB,1000.0,2018-08-21 14:41:00.178755,50.0,50.0,50.0,,1000.0,funcs,[5.47053238e-08],[6.02074005],0.01,dngo,20.0,200.0,42a7a090--g-funcs-s-1-m-dngo-init-20-k-200-f-forrester,median,0.0,1.0,200.0,forrester,1.0,0.0
441f0b64,UCB,1000.0,2018-08-21 12:12:26.466100,50.0,50.0,50.0,,1000.0,funcs,[6.0764293e-09],[-0.04292635],0.01,dngo,20.0,200.0,441f0b64--g-funcs-s-1-m-dngo-nn-5-agg-max-init-20-k-200-f-sinone,max,0.0,5.0,200.0,sinone,1.0,0.0
446fda20,UCB,1000.0,2018-08-21 10:53:41.090581,50.0,50.0,50.0,,1000.0,funcs,[0.02953484],[3.29283317],0.01,dngo,20.0,200.0,446fda20--g-funcs-s-1-m-dngo-init-20-k-200-f-hartmann6,median,0.0,1.0,160.0,hartmann6,1.0,0.0
453f7112,UCB,1000.0,2018-08-21 21:52:06.174611,50.0,50.0,50.0,,1000.0,funcs,[0.00022562],[-0.39811298],0.01,dngo,20.0,200.0,453f7112--g-funcs-s-1-m-dngo-mcmc-20-init-20-k-200-f-branin,median,20.0,1.0,200.0,branin,1.0,0.0
45c9a5aa,UCB,1000.0,2018-08-21 17:18:40.992314,50.0,50.0,50.0,,1000.0,funcs,[0.00016705],[3.86261248],0.01,dngo,20.0,200.0,45c9a5aa--g-funcs-s-1-m-dngo-nn-10-agg-median-init-20-k-200-f-hartmann3,median,0.0,10.0,200.0,hartmann3,1.0,0.0
47601fa2,UCB,1000.0,2018-08-21 18:38:50.257883,50.0,50.0,50.0,,1000.0,funcs,[9.13099041e-11],[-0.04292634],0.01,dngo,20.0,200.0,47601fa2--g-funcs-s-1-m-dngo-nn-10-agg-median-init-20-k-200-f-sinone,median,0.0,10.0,200.0,sinone,1.0,0.0
48e3be20,UCB,1000.0,2018-08-21 13:05:59.116629,50.0,50.0,50.0,,1000.0,funcs,[0.0481],[-0.0481],0.01,dngo,20.0,200.0,48e3be20--g-funcs-s-1-m-dngo-nn-5-agg-median-init-20-k-200-f-logistic_regression_mnist,median,0.0,5.0,200.0,logistic_regression_mnist,1.0,0.0
4941d626,UCB,1000.0,2018-08-21 10:45:41.522786,50.0,50.0,50.0,[0.0],1000.0,embedding,[0.05075351],[-0.09367986],0.01,dngo,20.0,200.0,4941d626--g-em-s-1-m-dngo-init-20-k-200-em-0-f-sinone,median,0.0,1.0,200.0,sinone,1.0,0.0
4bafd19e,UCB,1000.0,2018-08-22 05:41:47.039407,50.0,50.0,50.0,,1000.0,funcs,[1.22311067e-09],[-0.04292634],0.01,dngo,20.0,200.0,4bafd19e--g-funcs-s-1-m-dngo-mcmc-20-init-20-k-200-f-sinone,median,20.0,1.0,200.0,sinone,1.0,0.0
4c135aa6,UCB,1000.0,2018-08-21 14:45:28.228764,50.0,50.0,50.0,,1000.0,funcs,[2.67400306],[-2.67400306],0.01,dngo,20.0,200.0,4c135aa6--g-funcs-s-1-m-dngo-init-20-k-200-f-bohachevsky,median,0.0,1.0,200.0,bohachevsky,1.0,0.0
4dde0231,UCB,1000.0,2018-08-21 11:52:51.321661,50.0,50.0,50.0,,1000.0,funcs,[2.48732722e-05],[-0.00186754],0.01,dngo,20.0,200.0,4dde0231--g-funcs-s-1-m-dngo-nn-5-agg-median-init-20-k-200-f-sintwo,median,0.0,5.0,130.0,sintwo,1.0,0.0
4ee6cbaa,UCB,1000.0,2018-08-21 12:02:19.676434,50.0,50.0,50.0,,1000.0,funcs,[1.62709662e-06],[-1.62709662e-06],0.01,dngo,20.0,200.0,4ee6cbaa--g-funcs-s-1-m-dngo-nn-5-agg-max-init-20-k-200-f-levy,max,0.0,5.0,200.0,levy,1.0,0.0
4f511492,UCB,1000.0,2018-08-21 19:28:24.967895,50.0,50.0,50.0,,1000.0,funcs,[2.67400306],[-2.67400306],0.01,dngo,20.0,200.0,4f511492--g-funcs-s-1-m-dngo-nn-5-agg-median-init-20-k-200-f-bohachevsky,median,0.0,5.0,200.0,bohachevsky,1.0,0.0
4f8745a7,UCB,1000.0,2018-08-21 10:45:41.118439,50.0,50.0,50.0,"[30.0, 100.0]",1000.0,embedding,[1152.518299],[1282.12041164],0.01,dngo,20.0,200.0,4f8745a7--g-em-s-1-m-dngo-init-20-k-200-em-30-100-f-branin,median,0.0,1.0,200.0,branin,1.0,0.0
5010bbb7,UCB,1000.0,2018-08-21 16:45:35.153564,50.0,50.0,50.0,,1000.0,highdim,[1472.96590587],[-1472.96590587],0.01,gp,100.0,200.0,5010bbb7--g-highdim-s-1-m-gp-init-100-k-200-f-rosenbrock8D,median,0.0,1.0,200.0,rosenbrock8D,1.0,0.0
50540b04,UCB,1000.0,2018-08-21 10:45:12.031837,50.0,50.0,50.0,,100.0,epoch,[0.00062132],[3.86215821],0.01,dngo,20.0,200.0,50540b04--g-epoch-s-1-m-dngo-init-20-k-200-e-100-f-hartmann3,median,0.0,1.0,200.0,hartmann3,1.0,0.0
534ae0a4,UCB,1000.0,2018-08-21 10:56:11.906179,50.0,50.0,50.0,,1000.0,funcs,[0.00157626],[1.03005216],0.01,dngo,20.0,200.0,534ae0a4--g-funcs-s-1-m-dngo-init-20-k-200-f-camelback,median,0.0,1.0,200.0,camelback,1.0,0.0
541d1caa,UCB,1000.0,2018-08-22 00:08:50.301776,50.0,50.0,50.0,,1000.0,funcs,[1.62709662e-06],[-1.62709662e-06],0.01,dngo,20.0,200.0,541d1caa--g-funcs-s-1-m-dngo-nn-10-agg-median-init-20-k-200-f-levy,median,0.0,10.0,200.0,levy,1.0,0.0
553ebd48,UCB,1000.0,2018-08-21 12:50:58.111421,50.0,50.0,50.0,,1000.0,funcs,[0.33340761],[-0.33340761],0.01,dngo,20.0,200.0,553ebd48--g-funcs-s-1-m-dngo-mcmc-20-init-20-k-200-f-rosenbrock,median,20.0,1.0,200.0,rosenbrock,1.0,0.0
561f505c,UCB,1000.0,2018-08-21 13:05:28.884834,50.0,50.0,50.0,,1000.0,funcs,[0.0364],[-0.0364],0.01,dngo,20.0,200.0,561f505c--g-funcs-s-1-m-dngo-init-20-k-200-f-logistic_regression_mnist,median,0.0,1.0,200.0,logistic_regression_mnist,1.0,0.0
57bc8eb7,UCB,1000.0,2018-08-21 11:58:18.182924,50.0,50.0,50.0,,1000.0,funcs,[5.40160618e-08],[6.02074005],0.01,dngo,20.0,200.0,57bc8eb7--g-funcs-s-1-m-dngo-nn-5-agg-max-init-20-k-200-f-forrester,max,0.0,5.0,200.0,forrester,1.0,0.0
58515b3e,UCB,1000.0,2018-08-21 13:01:28.577435,50.0,50.0,50.0,,1000.0,funcs,[0.0335],[-0.0335],0.01,gp,20.0,200.0,58515b3e--g-funcs-s-1-m-gp-init-20-k-200-f-logistic_regression_mnist,median,0.0,1.0,200.0,logistic_regression_mnist,1.0,0.0
58556319,UCB,1000.0,2018-08-21 12:01:50.021872,50.0,50.0,50.0,,1000.0,funcs,[0.8778684],[-3.8778684],0.01,dngo,20.0,200.0,58556319--g-funcs-s-1-m-dngo-nn-5-agg-max-init-20-k-200-f-goldsteinprice,max,0.0,5.0,200.0,goldsteinprice,1.0,0.0
58aa2c07,UCB,1000.0,2018-08-21 16:53:09.125019,50.0,50.0,50.0,,1000.0,ensemble_size,[0.0001242],[1.03150422],0.01,dngo,20.0,200.0,58aa2c07--g-ensemble_size-s-1-m-dngo-init-20-k-200-f-camelback-nn-5-agg-median,median,0.0,5.0,200.0,camelback,1.0,0.0
59654983,UCB,1000.0,2018-08-21 22:06:37.327721,50.0,50.0,50.0,,1000.0,funcs,[0.24687762],[3.07549039],0.01,dngo,20.0,200.0,59654983--g-funcs-s-1-m-dngo-mcmc-20-init-20-k-200-f-hartmann6,median,20.0,1.0,80.0,hartmann6,1.0,0.0
5a086435,UCB,1000.0,2018-08-21 16:12:10.533630,50.0,50.0,50.0,,1000.0,funcs,[0.00127886],[1.03034956],0.01,dngo,20.0,200.0,5a086435--g-funcs-s-1-m-dngo-init-20-k-200-f-camelback,median,0.0,1.0,200.0,camelback,1.0,0.0
5aafc237,UCB,1000.0,2018-08-22 00:51:15.163511,50.0,50.0,50.0,,1000.0,funcs,[8.69787057e-06],[1.03161972],0.01,dngo,20.0,200.0,5aafc237--g-funcs-s-1-m-dngo-nn-5-agg-median-init-20-k-200-f-camelback,median,0.0,5.0,200.0,camelback,1.0,0.0
5b002790,UCB,1000.0,2018-08-21 21:29:10.266072,50.0,50.0,50.0,,1000.0,funcs,[0.04258625],[-0.04258625],0.01,dngo,20.0,200.0,5b002790--g-funcs-s-1-m-dngo-nn-5-agg-max-init-20-k-200-f-rosenbrock,max,0.0,5.0,200.0,rosenbrock,1.0,0.0
5c406edf,UCB,1000.0,2018-08-22 04:39:56.970127,50.0,50.0,50.0,,1000.0,funcs,[0.12550363],[3.19686438],0.01,dngo,20.0,200.0,5c406edf--g-funcs-s-1-m-dngo-nn-5-agg-max-init-20-k-200-f-hartmann6,max,0.0,5.0,170.0,hartmann6,1.0,0.0
5d8e26f5,UCB,1000.0,2018-08-21 10:46:42.639260,50.0,50.0,50.0,,1000.0,funcs,[0.67938837],[-0.67938837],0.01,gp,20.0,200.0,5d8e26f5--g-funcs-s-1-m-gp-init-20-k-200-f-bohachevsky,median,0.0,1.0,180.0,bohachevsky,1.0,0.0
5ff34880,UCB,1000.0,2018-08-21 22:07:38.483435,50.0,50.0,50.0,,1000.0,funcs,[7.7683494e-06],[1.03162065],0.01,dngo,20.0,200.0,5ff34880--g-funcs-s-1-m-dngo-mcmc-20-init-20-k-200-f-camelback,median,20.0,1.0,200.0,camelback,1.0,0.0
60ebd918,UCB,1000.0,2018-08-21 11:34:12.637760,50.0,50.0,50.0,,1000.0,funcs,[0.00094333],[-0.002786],0.01,dngo,20.0,200.0,60ebd918--g-funcs-s-1-m-dngo-init-20-k-200-f-sintwo,median,0.0,1.0,200.0,sintwo,1.0,0.0
61061d10,UCB,1000.0,2018-08-21 16:26:10.153922,50.0,50.0,50.0,,1000.0,funcs,[1.43485405e-06],[-1.43485405e-06],0.01,dngo,20.0,200.0,61061d10--g-funcs-s-1-m-dngo-init-20-k-200-f-levy,median,0.0,1.0,200.0,levy,1.0,0.0
626de836,UCB,1000.0,2018-08-21 11:46:51.214774,50.0,50.0,50.0,,1000.0,funcs,[4.67230413e-06],[-4.67230413e-06],0.01,dngo,20.0,200.0,626de836--g-funcs-s-1-m-dngo-nn-5-agg-median-init-20-k-200-f-levy,median,0.0,5.0,200.0,levy,1.0,0.0
64c25f6c,UCB,1000.0,2018-08-21 10:47:38.425427,50.0,50.0,50.0,,1000.0,funcs,[0.00022562],[-0.39811298],0.01,dngo,20.0,200.0,64c25f6c--g-funcs-s-1-m-dngo-nn-5-agg-median-init-20-k-200-f-branin,median,0.0,5.0,200.0,branin,1.0,0.0
65e50bfc,UCB,1000.0,2018-08-21 11:22:12.117337,50.0,50.0,50.0,,1000.0,funcs,[4.27622935],[-4.27622935],0.01,dngo,20.0,200.0,65e50bfc--g-funcs-s-1-m-dngo-init-20-k-200-f-bohachevsky,median,0.0,1.0,200.0,bohachevsky,1.0,0.0
668d5942,UCB,1000.0,2018-08-21 10:46:12.021021,50.0,50.0,50.0,,1000.0,funcs,[0.23795455],[3.08441346],0.01,gp,20.0,200.0,668d5942--g-funcs-s-1-m-gp-init-20-k-200-f-hartmann6,median,0.0,1.0,200.0,hartmann6,1.0,0.0
673afae1,UCB,1000.0,2018-08-21 23:31:09.665730,50.0,50.0,50.0,,1000.0,funcs,[6.88201249e-05],[3.86271071],0.01,dngo,20.0,200.0,673afae1--g-funcs-s-1-m-dngo-nn-10-agg-median-init-20-k-200-f-hartmann3,median,0.0,10.0,190.0,hartmann3,1.0,0.0
680ff37c,UCB,1000.0,2018-08-21 10:46:42.357499,50.0,50.0,50.0,,1000.0,funcs,[2.33146835e-15],[-0.04292634],0.01,gp,20.0,200.0,680ff37c--g-funcs-s-1-m-gp-init-20-k-200-f-sinone,median,0.0,1.0,200.0,sinone,1.0,0.0
6a1ab261,UCB,1000.0,2018-08-21 20:16:04.040877,50.0,50.0,50.0,,1000.0,funcs,[0.13132844],[3.19103958],0.01,dngo,20.0,200.0,6a1ab261--g-funcs-s-1-m-dngo-nn-5-agg-max-init-20-k-200-f-hartmann6,max,0.0,5.0,190.0,hartmann6,1.0,0.0
6a3fb10d,UCB,20.0,2018-08-21 10:46:11.062554,50.0,50.0,50.0,,1000.0,minibatch,[0.00101842],[-0.00286109],0.01,dngo,20.0,200.0,6a3fb10d--g-minibatch-s-1-m-dngo-bs-20-init-20-k-200-f-sintwo,median,0.0,1.0,200.0,sintwo,1.0,0.0
6a8c2c1d,UCB,1000.0,2018-08-21 11:39:42.089333,50.0,50.0,50.0,,1000.0,funcs,[5.45963061e-08],[6.02074005],0.01,dngo,20.0,200.0,6a8c2c1d--g-funcs-s-1-m-dngo-nn-5-agg-median-init-20-k-200-f-forrester,median,0.0,5.0,200.0,forrester,1.0,0.0
6ae3fca0,UCB,1000.0,2018-08-21 16:33:11.723361,50.0,50.0,50.0,,1000.0,funcs,[7.23865412e-13],[-0.04292634],0.01,dngo,20.0,200.0,6ae3fca0--g-funcs-s-1-m-dngo-init-20-k-200-f-sinone,median,0.0,1.0,200.0,sinone,1.0,0.0
6c5cd609,UCB,1000.0,2018-08-21 12:21:54.978672,50.0,50.0,50.0,,1000.0,funcs,[0.00022562],[-0.39811298],0.01,dngo,20.0,200.0,6c5cd609--g-funcs-s-1-m-dngo-mcmc-20-init-20-k-200-f-branin,median,20.0,1.0,200.0,branin,1.0,0.0
6cab9913,UCB,1000.0,2018-08-21 16:13:38.579644,50.0,50.0,50.0,,1000.0,funcs,[4.66726524],[-4.66726524],0.01,dngo,20.0,200.0,6cab9913--g-funcs-s-1-m-dngo-init-20-k-200-f-bohachevsky,median,0.0,1.0,200.0,bohachevsky,1.0,0.0
6d0de77c,UCB,1000.0,2018-08-22 04:41:19.065398,50.0,50.0,50.0,,1000.0,funcs,[1.62242791],[-4.62242791],0.01,dngo,20.0,200.0,6d0de77c--g-funcs-s-1-m-dngo-nn-5-agg-max-init-20-k-200-f-goldsteinprice,max,0.0,5.0,200.0,goldsteinprice,1.0,0.0
6d0e67ed,UCB,1000.0,2018-08-21 16:37:08.822875,50.0,50.0,50.0,,1000.0,l2,[5.84673603e-05],[3.86272106],0.01,dngo,20.0,200.0,6d0e67ed--g-l2-s-1-m-dngo-init-20-k-200-l2-0.0001-f-hartmann3,median,0.0,1.0,200.0,hartmann3,1.0,0.0001
6dbdafac,UCB,1000.0,2018-08-21 15:45:33.251531,50.0,50.0,50.0,,1000.0,funcs,[5.55111512e-16],[-0.04292634],0.01,gp,20.0,200.0,6dbdafac--g-funcs-s-1-m-gp-init-20-k-200-f-sinone,median,0.0,1.0,200.0,sinone,1.0,0.0
6e107c52,UCB,1000.0,2018-08-21 10:45:12.187503,50.0,50.0,50.0,,100.0,epoch,[0.00295049],[-0.00479316],0.01,dngo,20.0,200.0,6e107c52--g-epoch-s-1-m-dngo-init-20-k-200-e-100-f-sintwo,median,0.0,1.0,200.0,sintwo,1.0,0.0
6e772077,UCB,1000.0,2018-08-22 00:32:51.938025,50.0,50.0,50.0,,1000.0,funcs,[0.00012061],[3.86265892],0.01,dngo,20.0,200.0,6e772077--g-funcs-s-1-m-dngo-nn-5-agg-median-init-20-k-200-f-hartmann3,median,0.0,5.0,200.0,hartmann3,1.0,0.0
6ed2a18c,UCB,1000.0,2018-08-21 23:30:42.305626,50.0,50.0,50.0,,1000.0,funcs,[0.00322299],[-0.40111035],0.01,dngo,20.0,200.0,6ed2a18c--g-funcs-s-1-m-dngo-nn-10-agg-median-init-20-k-200-f-branin,median,0.0,10.0,200.0,branin,1.0,0.0
6f15a85b,UCB,1000.0,2018-08-21 10:45:12.316869,50.0,50.0,50.0,,10000.0,epoch,[0.0023512],[-0.00419387],0.01,dngo,20.0,200.0,6f15a85b--g-epoch-s-1-m-dngo-init-20-k-200-e-10000-f-sintwo,median,0.0,1.0,200.0,sintwo,1.0,0.0
722d9d90,UCB,1000.0,2018-08-22 00:00:21.840160,50.0,50.0,50.0,,1000.0,funcs,[0.65022519],[-3.65022519],0.01,dngo,20.0,200.0,722d9d90--g-funcs-s-1-m-dngo-nn-10-agg-median-init-20-k-200-f-goldsteinprice,median,0.0,10.0,200.0,goldsteinprice,1.0,0.0
728beebb,UCB,1000.0,2018-08-22 01:26:15.137131,50.0,50.0,50.0,,1000.0,funcs,[2.86477149],[-5.86477149],0.01,dngo,20.0,200.0,728beebb--g-funcs-s-1-m-dngo-nn-5-agg-median-init-20-k-200-f-goldsteinprice,median,0.0,5.0,200.0,goldsteinprice,1.0,0.0
72b1845c,UCB,1000.0,2018-08-21 12:28:56.027093,50.0,50.0,50.0,,1000.0,funcs,[0.16231205],[3.16005596],0.01,dngo,20.0,200.0,72b1845c--g-funcs-s-1-m-dngo-mcmc-20-init-20-k-200-f-hartmann6,median,20.0,1.0,80.0,hartmann6,1.0,0.0
74a216ca,UCB,1000.0,2018-08-21 10:46:12.191742,50.0,50.0,50.0,,1000.0,ensemble_size,[0.00022152],[-0.39810888],0.01,dngo,20.0,200.0,74a216ca--g-ensemble_size-s-1-m-dngo-init-20-k-200-f-branin-nn-15-agg-max,max,0.0,15.0,200.0,branin,1.0,0.0
7566c7b8,UCB,1000.0,2018-08-21 23:28:42.023337,50.0,50.0,50.0,,1000.0,funcs,[1.68876024e-12],[-0.04292634],0.01,dngo,20.0,200.0,7566c7b8--g-funcs-s-1-m-dngo-mcmc-20-init-20-k-200-f-sinone,median,20.0,1.0,200.0,sinone,1.0,0.0
75ad8e5a,UCB,1000.0,2018-08-22 04:41:19.195250,50.0,50.0,50.0,,1000.0,funcs,[0.13131773],[-0.13131773],0.01,dngo,20.0,200.0,75ad8e5a--g-funcs-s-1-m-dngo-nn-5-agg-max-init-20-k-200-f-rosenbrock,max,0.0,5.0,200.0,rosenbrock,1.0,0.0
76c8c720,UCB,1000.0,2018-08-21 10:45:12.417693,50.0,50.0,50.0,,100.0,epoch,[0.00014119],[-0.00014119],0.01,dngo,20.0,200.0,76c8c720--g-epoch-s-1-m-dngo-init-20-k-200-e-100-f-levy,median,0.0,1.0,200.0,levy,1.0,0.0
771dc2c8,UCB,1000.0,2018-08-21 11:03:41.029478,50.0,50.0,50.0,,1000.0,funcs,[5.55433504e-08],[6.02074006],0.01,dngo,20.0,200.0,771dc2c8--g-funcs-s-1-m-dngo-init-20-k-200-f-forrester,median,0.0,1.0,200.0,forrester,1.0,0.0
7ac56f68,UCB,1000.0,2018-08-21 23:54:21.441064,50.0,50.0,50.0,,1000.0,funcs,[2.67400306],[-2.67400306],0.01,dngo,20.0,200.0,7ac56f68--g-funcs-s-1-m-dngo-nn-10-agg-median-init-20-k-200-f-bohachevsky,median,0.0,10.0,200.0,bohachevsky,1.0,0.0
7d2e33a1,UCB,160.0,2018-08-21 10:46:12.068718,50.0,50.0,50.0,,1000.0,minibatch,[2.45449281e-06],[-0.00184513],0.01,dngo,20.0,200.0,7d2e33a1--g-minibatch-s-1-m-dngo-bs-160-init-20-k-200-f-sintwo,median,0.0,1.0,200.0,sintwo,1.0,0.0
7fb1475b,UCB,1000.0,2018-08-21 10:45:41.365242,50.0,50.0,50.0,,1000.0,l2,[0.36070783],[-3.36070783],0.01,dngo,20.0,200.0,7fb1475b--g-l2-s-1-m-dngo-init-20-k-200-l2-0.01-f-goldsteinprice,median,0.0,1.0,200.0,goldsteinprice,1.0,0.01
7fc8beae,UCB,1000.0,2018-08-21 10:46:43.228914,50.0,50.0,50.0,,1000.0,funcs,[1.5516538e-06],[1.03162687],0.01,gp,20.0,200.0,7fc8beae--g-funcs-s-1-m-gp-init-20-k-200-f-camelback,median,0.0,1.0,200.0,camelback,1.0,0.0
805a26e4,UCB,1000.0,2018-08-21 16:34:41.265269,50.0,50.0,50.0,,1000.0,funcs,[2.1344823e-05],[-0.00186402],0.01,dngo,20.0,200.0,805a26e4--g-funcs-s-1-m-dngo-init-20-k-200-f-sintwo,median,0.0,1.0,200.0,sintwo,1.0,0.0
80eeaa5b,UCB,1000.0,2018-08-21 16:27:42.592303,50.0,50.0,50.0,,1000.0,funcs,[0.20543198],[-0.20543198],0.01,dngo,20.0,200.0,80eeaa5b--g-funcs-s-1-m-dngo-init-20-k-200-f-rosenbrock,median,0.0,1.0,200.0,rosenbrock,1.0,0.0
81223027,UCB,1000.0,2018-08-21 12:40:26.791284,50.0,50.0,50.0,,1000.0,funcs,[5.57625315e-08],[6.02074006],0.01,dngo,20.0,200.0,81223027--g-funcs-s-1-m-dngo-mcmc-20-init-20-k-200-f-forrester,median,20.0,1.0,200.0,forrester,1.0,0.0
844b7402,UCB,1000.0,2018-08-21 12:21:26.153081,50.0,50.0,50.0,,1000.0,funcs,[8.84770036e-05],[-0.00193115],0.01,dngo,20.0,200.0,844b7402--g-funcs-s-1-m-dngo-nn-5-agg-max-init-20-k-200-f-sintwo,max,0.0,5.0,200.0,sintwo,1.0,0.0
84f6162e,UCB,1000.0,2018-08-21 11:53:49.200127,50.0,50.0,50.0,,1000.0,funcs,[0.00422541],[-0.40211277],0.01,dngo,20.0,200.0,84f6162e--g-funcs-s-1-m-dngo-nn-5-agg-max-init-20-k-200-f-branin,max,0.0,5.0,200.0,branin,1.0,0.0
856ac694,UCB,1000.0,2018-08-22 04:39:57.557483,50.0,50.0,50.0,,1000.0,funcs,[0.00011975],[3.86265978],0.01,dngo,20.0,200.0,856ac694--g-funcs-s-1-m-dngo-nn-5-agg-max-init-20-k-200-f-hartmann3,max,0.0,5.0,200.0,hartmann3,1.0,0.0
859d5497,UCB,1000.0,2018-08-21 15:33:05.266849,50.0,50.0,50.0,,1000.0,funcs,[1.50038038e-10],[-1.50038038e-10],0.01,gp,20.0,200.0,859d5497--g-funcs-s-1-m-gp-init-20-k-200-f-levy,median,0.0,1.0,200.0,levy,1.0,0.0
85d158d4,UCB,1000.0,2018-08-22 01:27:15.012372,50.0,50.0,50.0,,1000.0,funcs,[1.57518332e-10],[-0.04292634],0.01,dngo,20.0,200.0,85d158d4--g-funcs-s-1-m-dngo-nn-5-agg-median-init-20-k-200-f-sinone,median,0.0,5.0,200.0,sinone,1.0,0.0
86623c97,UCB,1000.0,2018-08-21 19:55:03.158763,50.0,50.0,50.0,,1000.0,funcs,[1.6683508e-06],[-0.00184434],0.01,dngo,20.0,200.0,86623c97--g-funcs-s-1-m-dngo-nn-5-agg-median-init-20-k-200-f-sintwo,median,0.0,5.0,200.0,sintwo,1.0,0.0
86c8143e,UCB,1000.0,2018-08-21 12:45:59.081362,50.0,50.0,50.0,,1000.0,funcs,[2.67400306],[-2.67400306],0.01,dngo,20.0,200.0,86c8143e--g-funcs-s-1-m-dngo-mcmc-20-init-20-k-200-f-bohachevsky,median,20.0,1.0,200.0,bohachevsky,1.0,0.0
86e0f63c,UCB,1000.0,2018-08-22 05:46:18.008243,50.0,50.0,50.0,,1000.0,funcs,[1.83266062e-06],[-0.0018445],0.01,dngo,20.0,200.0,86e0f63c--g-funcs-s-1-m-dngo-mcmc-20-init-20-k-200-f-sintwo,median,20.0,1.0,200.0,sintwo,1.0,0.0
8860acdd,UCB,1000.0,2018-08-22 00:12:52.044786,50.0,50.0,50.0,,1000.0,funcs,[0.18631535],[-0.18631535],0.01,dngo,20.0,200.0,8860acdd--g-funcs-s-1-m-dngo-nn-10-agg-median-init-20-k-200-f-rosenbrock,median,0.0,10.0,200.0,rosenbrock,1.0,0.0
89a4e22a,UCB,1000.0,2018-08-21 10:45:41.743449,50.0,50.0,50.0,"[0.0, 0.0]",1000.0,embedding,[0.05075351],[-0.09367986],0.01,dngo,20.0,200.0,89a4e22a--g-em-s-1-m-dngo-init-20-k-200-em-0-0-f-sinone,median,0.0,1.0,200.0,sinone,1.0,0.0
89b31577,UCB,1000.0,2018-08-21 17:43:11.773634,50.0,50.0,50.0,,1000.0,funcs,[5.57294868e-08],[6.02074006],0.01,dngo,20.0,200.0,89b31577--g-funcs-s-1-m-dngo-nn-10-agg-median-init-20-k-200-f-forrester,median,0.0,10.0,200.0,forrester,1.0,0.0
8c23c8c7,UCB,1000.0,2018-08-21 10:45:11.910062,50.0,50.0,50.0,,10000.0,epoch,[9.09344203e-08],[-9.09344203e-08],0.01,dngo,20.0,200.0,8c23c8c7--g-epoch-s-1-m-dngo-init-20-k-200-e-10000-f-levy,median,0.0,1.0,200.0,levy,1.0,0.0
8c565e89,UCB,1000.0,2018-08-21 23:09:41.022594,50.0,50.0,50.0,,1000.0,funcs,[0.00949068],[-0.00949068],0.01,dngo,20.0,200.0,8c565e89--g-funcs-s-1-m-dngo-mcmc-20-init-20-k-200-f-rosenbrock,median,20.0,1.0,200.0,rosenbrock,1.0,0.0
8cb3b669,UCB,1000.0,2018-08-21 18:01:20.905443,50.0,50.0,50.0,,1000.0,funcs,[2.67400306],[-2.67400306],0.01,dngo,20.0,200.0,8cb3b669--g-funcs-s-1-m-dngo-nn-10-agg-median-init-20-k-200-f-bohachevsky,median,0.0,10.0,200.0,bohachevsky,1.0,0.0
8d93148b,UCB,1000.0,2018-08-22 00:19:22.113749,50.0,50.0,50.0,,1000.0,funcs,[2.26643298e-08],[-0.00184269],0.01,dngo,20.0,200.0,8d93148b--g-funcs-s-1-m-dngo-nn-10-agg-median-init-20-k-200-f-sintwo,median,0.0,10.0,200.0,sintwo,1.0,0.0
904cebaf,UCB,1000.0,2018-08-21 19:14:24.726765,50.0,50.0,50.0,,1000.0,funcs,[8.05178178e-06],[1.03162037],0.01,dngo,20.0,200.0,904cebaf--g-funcs-s-1-m-dngo-nn-5-agg-median-init-20-k-200-f-camelback,median,0.0,5.0,200.0,camelback,1.0,0.0
90dc8053,UCB,1000.0,2018-08-21 20:12:33.785350,50.0,50.0,50.0,,1000.0,funcs,[5.47139773e-05],[3.86272482],0.01,dngo,20.0,200.0,90dc8053--g-funcs-s-1-m-dngo-nn-5-agg-max-init-20-k-200-f-hartmann3,max,0.0,5.0,200.0,hartmann3,1.0,0.0
92792935,UCB,1000.0,2018-08-22 04:41:19.334437,50.0,50.0,50.0,,1000.0,funcs,[9.00805414e-05],[3.86268945],0.01,dngo,20.0,200.0,92792935--g-funcs-s-1-m-dngo-mcmc-20-init-20-k-200-f-hartmann3,median,20.0,1.0,140.0,hartmann3,1.0,0.0
92d34ce8,UCB,1000.0,2018-08-21 10:45:41.200179,50.0,50.0,50.0,[30.0],1000.0,embedding,[230.18699093],[259.78910358],0.01,dngo,20.0,200.0,92d34ce8--g-em-s-1-m-dngo-init-20-k-200-em-30-f-branin,median,0.0,1.0,200.0,branin,1.0,0.0
934491ef,UCB,1000.0,2018-08-21 22:08:38.302022,50.0,50.0,50.0,,1000.0,funcs,[5.56768471e-08],[6.02074006],0.01,dngo,20.0,200.0,934491ef--g-funcs-s-1-m-dngo-mcmc-20-init-20-k-200-f-forrester,median,20.0,1.0,200.0,forrester,1.0,0.0
93bfa621,UCB,1000.0,2018-08-21 15:45:33.251397,50.0,50.0,50.0,,1000.0,funcs,[0.00316479],[-0.00500746],0.01,gp,20.0,200.0,93bfa621--g-funcs-s-1-m-gp-init-20-k-200-f-sintwo,median,0.0,1.0,200.0,sintwo,1.0,0.0
942a7191,UCB,1000.0,2018-08-21 22:42:36.371399,50.0,50.0,50.0,,1000.0,funcs,[4.27622935],[-4.27622935],0.01,dngo,20.0,200.0,942a7191--g-funcs-s-1-m-dngo-mcmc-20-init-20-k-200-f-bohachevsky,median,20.0,1.0,200.0,bohachevsky,1.0,0.0
946b830a,UCB,1000.0,2018-08-21 12:46:32.713747,50.0,50.0,50.0,,1000.0,funcs,[0.74091854],[-3.74091854],0.01,dngo,20.0,200.0,946b830a--g-funcs-s-1-m-dngo-mcmc-20-init-20-k-200-f-goldsteinprice,median,20.0,1.0,200.0,goldsteinprice,1.0,0.0
94988cea,UCB,1000.0,2018-08-21 14:07:20.859875,50.0,50.0,50.0,,1000.0,funcs,[1.07846979e-11],[-1.07846979e-11],0.01,gp,20.0,200.0,94988cea--g-funcs-s-1-m-gp-init-20-k-200-f-levy,median,0.0,1.0,200.0,levy,1.0,0.0
9753b1cb,UCB,1000.0,2018-08-21 15:07:40.086271,50.0,50.0,50.0,,1000.0,funcs,[2.90362281e-05],[-0.00187171],0.01,dngo,20.0,200.0,9753b1cb--g-funcs-s-1-m-dngo-init-20-k-200-f-sintwo,median,0.0,1.0,200.0,sintwo,1.0,0.0
97ae9a86,UCB,1000.0,2018-08-21 11:50:51.030344,50.0,50.0,50.0,,1000.0,funcs,[1.25220945e-11],[-0.04292634],0.01,dngo,20.0,200.0,97ae9a86--g-funcs-s-1-m-dngo-nn-5-agg-median-init-20-k-200-f-sinone,median,0.0,5.0,200.0,sinone,1.0,0.0
97f648c9,UCB,1000.0,2018-08-21 15:24:35.105793,50.0,50.0,50.0,,1000.0,funcs,[1.06201676e-06],[1.03162736],0.01,gp,20.0,200.0,97f648c9--g-funcs-s-1-m-gp-init-20-k-200-f-camelback,median,0.0,1.0,200.0,camelback,1.0,0.0
9969018d,UCB,1000.0,2018-08-21 10:46:11.030188,50.0,50.0,50.0,,1000.0,ensemble_size,[0.00022562],[-0.39811298],0.01,dngo,20.0,200.0,9969018d--g-ensemble_size-s-1-m-dngo-init-20-k-200-f-branin-nn-10-agg-max,max,0.0,10.0,200.0,branin,1.0,0.0
9a325267,UCB,1000.0,2018-08-21 10:45:41.416710,50.0,50.0,50.0,[0.0],1000.0,embedding,[0.01902591],[-0.41691327],0.01,dngo,20.0,200.0,9a325267--g-em-s-1-m-dngo-init-20-k-200-em-0-f-branin,median,0.0,1.0,200.0,branin,1.0,0.0
9b2ca360,UCB,1000.0,2018-08-21 15:05:08.095902,50.0,50.0,50.0,,1000.0,funcs,[3.09419157e-11],[-0.04292634],0.01,dngo,20.0,200.0,9b2ca360--g-funcs-s-1-m-dngo-init-20-k-200-f-sinone,median,0.0,1.0,200.0,sinone,1.0,0.0
9bbe0c91,UCB,1000.0,2018-08-21 19:09:56.922201,50.0,50.0,50.0,,1000.0,funcs,[0.00015362],[3.86262591],0.01,dngo,20.0,200.0,9bbe0c91--g-funcs-s-1-m-dngo-nn-5-agg-median-init-20-k-200-f-hartmann3,median,0.0,5.0,200.0,hartmann3,1.0,0.0
9c994b1d,UCB,1000.0,2018-08-21 10:46:12.323103,50.0,50.0,50.0,,1000.0,funcs,[1.34724202e-05],[-0.39790083],0.01,gp,20.0,200.0,9c994b1d--g-funcs-s-1-m-gp-init-20-k-200-f-branin,median,0.0,1.0,200.0,branin,1.0,0.0
9d58c64d,UCB,1000.0,2018-08-22 04:39:56.964302,50.0,50.0,50.0,,1000.0,funcs,[5.39126797e-08],[6.02074005],0.01,dngo,20.0,200.0,9d58c64d--g-funcs-s-1-m-dngo-nn-5-agg-max-init-20-k-200-f-forrester,max,0.0,5.0,200.0,forrester,1.0,0.0
9e2b473d,UCB,1000.0,2018-08-21 14:21:48.153439,50.0,50.0,50.0,,1000.0,funcs,[0.00022562],[-0.39811298],0.01,dngo,20.0,200.0,9e2b473d--g-funcs-s-1-m-dngo-init-20-k-200-f-branin,median,0.0,1.0,200.0,branin,1.0,0.0
9f380b14,UCB,1000.0,2018-08-21 21:13:11.291722,50.0,50.0,50.0,,1000.0,funcs,[2.59160061e-06],[-2.59160061e-06],0.01,dngo,20.0,200.0,9f380b14--g-funcs-s-1-m-dngo-nn-5-agg-max-init-20-k-200-f-levy,max,0.0,5.0,200.0,levy,1.0,0.0
a092e187,UCB,1000.0,2018-08-21 22:06:06.828071,50.0,50.0,50.0,,1000.0,funcs,[0.00011479],[3.86266474],0.01,dngo,20.0,200.0,a092e187--g-funcs-s-1-m-dngo-mcmc-20-init-20-k-200-f-hartmann3,median,20.0,1.0,140.0,hartmann3,1.0,0.0
a1eee753,UCB,1000.0,2018-08-21 18:27:19.359320,50.0,50.0,50.0,,1000.0,funcs,[0.20044705],[-0.20044705],0.01,dngo,20.0,200.0,a1eee753--g-funcs-s-1-m-dngo-nn-10-agg-median-init-20-k-200-f-rosenbrock,median,0.0,10.0,200.0,rosenbrock,1.0,0.0
a22d6b68,UCB,1000.0,2018-08-21 11:41:13.064459,50.0,50.0,50.0,,1000.0,funcs,[0.22389834],[-3.22389834],0.01,dngo,20.0,200.0,a22d6b68--g-funcs-s-1-m-dngo-nn-5-agg-median-init-20-k-200-f-goldsteinprice,median,0.0,5.0,200.0,goldsteinprice,1.0,0.0
a232818c,UCB,1000.0,2018-08-21 13:06:28.086783,50.0,50.0,50.0,,1000.0,funcs,[0.0304],[-0.0304],0.01,dngo,20.0,200.0,a232818c--g-funcs-s-1-m-dngo-nn-5-agg-max-init-20-k-200-f-logistic_regression_mnist,max,0.0,5.0,200.0,logistic_regression_mnist,1.0,0.0
a2e99f4d,UCB,1000.0,2018-08-21 10:45:12.477819,50.0,50.0,50.0,,1000.0,epoch,[1.67382068e-05],[3.86276279],0.01,dngo,20.0,200.0,a2e99f4d--g-epoch-s-1-m-dngo-init-20-k-200-e-1000-f-hartmann3,median,0.0,1.0,200.0,hartmann3,1.0,0.0
a307972a,UCB,1000.0,2018-08-21 10:46:42.357631,50.0,50.0,50.0,,1000.0,funcs,[0.00013368],[-0.00013368],0.01,gp,20.0,200.0,a307972a--g-funcs-s-1-m-gp-init-20-k-200-f-rosenbrock,median,0.0,1.0,200.0,rosenbrock,1.0,0.0
a39c8c12,UCB,1000.0,2018-08-21 12:52:28.873510,50.0,50.0,50.0,,1000.0,funcs,[3.7809289e-10],[-0.04292634],0.01,dngo,20.0,200.0,a39c8c12--g-funcs-s-1-m-dngo-mcmc-20-init-20-k-200-f-sinone,median,20.0,1.0,200.0,sinone,1.0,0.0
a76d205c,UCB,1000.0,2018-08-21 16:45:34.896016,50.0,50.0,50.0,,1000.0,highdim,[1472.96590587],[-1472.96590587],0.01,dngo,100.0,200.0,a76d205c--g-highdim-s-1-m-dngo-init-100-k-200-f-rosenbrock8D,median,0.0,1.0,200.0,rosenbrock8D,1.0,0.0
a9d02d8d,UCB,1000.0,2018-08-21 14:56:05.895017,50.0,50.0,50.0,,1000.0,funcs,[0.20547038],[-0.20547038],0.01,dngo,20.0,200.0,a9d02d8d--g-funcs-s-1-m-dngo-init-20-k-200-f-rosenbrock,median,0.0,1.0,200.0,rosenbrock,1.0,0.0
aa1d5050,UCB,1000.0,2018-08-21 14:16:18.566157,50.0,50.0,50.0,,1000.0,funcs,[4.21884749e-15],[-0.04292634],0.01,gp,20.0,200.0,aa1d5050--g-funcs-s-1-m-gp-init-20-k-200-f-sinone,median,0.0,1.0,200.0,sinone,1.0,0.0
ab0746cd,UCB,1000.0,2018-08-21 16:45:34.244792,50.0,50.0,50.0,,1000.0,highdim,[893.41597855],[-893.41597855],0.01,dngo,100.0,200.0,ab0746cd--g-highdim-s-1-m-dngo-init-100-nn-5-agg-max-k-200-f-rosenbrock8D,max,0.0,5.0,200.0,rosenbrock8D,1.0,0.0
ab384be1,UCB,1000.0,2018-08-21 10:45:12.473030,50.0,50.0,50.0,,10000.0,epoch,[2.2690429e-05],[3.86275684],0.01,dngo,20.0,200.0,ab384be1--g-epoch-s-1-m-dngo-init-20-k-200-e-10000-f-hartmann3,median,0.0,1.0,200.0,hartmann3,1.0,0.0
abd84b35,UCB,1000.0,2018-08-22 01:26:44.640999,50.0,50.0,50.0,,1000.0,funcs,[0.18631535],[-0.18631535],0.01,dngo,20.0,200.0,abd84b35--g-funcs-s-1-m-dngo-nn-5-agg-median-init-20-k-200-f-rosenbrock,median,0.0,5.0,200.0,rosenbrock,1.0,0.0
aceab827,UCB,1000.0,2018-08-21 13:18:27.075134,50.0,50.0,50.0,,1000.0,highdim,[394.75477152],[-394.75477152],0.01,dngo,100.0,200.0,aceab827--g-highdim-s-1-m-dngo-init-100-nn-5-agg-median-k-200-f-rosenbrock10D,median,0.0,5.0,200.0,rosenbrock10D,1.0,0.0
adac9338,UCB,1000.0,2018-08-21 10:46:42.105589,50.0,50.0,50.0,,1000.0,funcs,[0.00010101],[3.86267852],0.01,dngo,20.0,200.0,adac9338--g-funcs-s-1-m-dngo-init-20-k-200-f-hartmann3,median,0.0,1.0,200.0,hartmann3,1.0,0.0
b136f101,UCB,1000.0,2018-08-21 16:12:10.533507,50.0,50.0,50.0,,1000.0,funcs,[5.4142804e-08],[6.02074005],0.01,dngo,20.0,200.0,b136f101--g-funcs-s-1-m-dngo-init-20-k-200-f-forrester,median,0.0,1.0,200.0,forrester,1.0,0.0
b14cdcef,UCB,1000.0,2018-08-21 13:23:25.773079,50.0,50.0,50.0,,1000.0,highdim,[1496.87561513],[-1496.87561513],0.01,dngo,100.0,200.0,b14cdcef--g-highdim-s-1-m-dngo-init-100-mcmc-20-k-200-f-rosenbrock10D,median,20.0,1.0,150.0,rosenbrock10D,1.0,0.0
b19e56fd,UCB,1000.0,2018-08-21 16:45:34.911798,50.0,50.0,50.0,,1000.0,highdim,[1133.19946604],[-1133.19946604],0.01,dngo,100.0,200.0,b19e56fd--g-highdim-s-1-m-dngo-init-100-nn-5-agg-median-k-200-f-rosenbrock8D,median,0.0,5.0,200.0,rosenbrock8D,1.0,0.0
b2ec9514,UCB,1000.0,2018-08-21 13:51:49.840276,50.0,50.0,50.0,,1000.0,funcs,[1.63215511e-07],[1.03162826],0.01,gp,20.0,200.0,b2ec9514--g-funcs-s-1-m-gp-init-20-k-200-f-camelback,median,0.0,1.0,200.0,camelback,1.0,0.0
b3314596,UCB,1000.0,2018-08-22 00:16:23.008950,50.0,50.0,50.0,,1000.0,funcs,[3.87929133e-11],[-0.04292634],0.01,dngo,20.0,200.0,b3314596--g-funcs-s-1-m-dngo-nn-10-agg-median-init-20-k-200-f-sinone,median,0.0,10.0,200.0,sinone,1.0,0.0
b3dff9ef,UCB,1000.0,2018-08-22 05:21:16.193127,50.0,50.0,50.0,,1000.0,funcs,[1.48198354],[-4.48198354],0.01,dngo,20.0,200.0,b3dff9ef--g-funcs-s-1-m-dngo-mcmc-20-init-20-k-200-f-goldsteinprice,median,20.0,1.0,200.0,goldsteinprice,1.0,0.0
b44bfc5d,UCB,1000.0,2018-08-21 18:23:49.179959,50.0,50.0,50.0,,1000.0,funcs,[0.17202208],[-3.17202208],0.01,dngo,20.0,200.0,b44bfc5d--g-funcs-s-1-m-dngo-nn-10-agg-median-init-20-k-200-f-goldsteinprice,median,0.0,10.0,200.0,goldsteinprice,1.0,0.0
b56e0991,UCB,1000.0,2018-08-21 14:33:52.074271,50.0,50.0,50.0,,1000.0,funcs,[8.05876895e-06],[1.03162036],0.01,dngo,20.0,200.0,b56e0991--g-funcs-s-1-m-dngo-init-20-k-200-f-camelback,median,0.0,1.0,200.0,camelback,1.0,0.0
b63e35a1,UCB,1000.0,2018-08-22 01:06:14.752104,50.0,50.0,50.0,,1000.0,funcs,[2.67400306],[-2.67400306],0.01,dngo,20.0,200.0,b63e35a1--g-funcs-s-1-m-dngo-nn-5-agg-median-init-20-k-200-f-bohachevsky,median,0.0,5.0,200.0,bohachevsky,1.0,0.0
b751ad4b,UCB,1000.0,2018-08-21 13:45:42.651385,50.0,50.0,50.0,,1000.0,funcs,[0.209683],[3.11268501],0.01,gp,20.0,200.0,b751ad4b--g-funcs-s-1-m-gp-init-20-k-200-f-hartmann6,median,0.0,1.0,200.0,hartmann6,1.0,0.0
b8e33b3f,UCB,1000.0,2018-08-21 19:29:24.104497,50.0,50.0,50.0,,1000.0,funcs,[0.26349775],[-3.26349775],0.01,dngo,20.0,200.0,b8e33b3f--g-funcs-s-1-m-dngo-nn-5-agg-median-init-20-k-200-f-goldsteinprice,median,0.0,5.0,200.0,goldsteinprice,1.0,0.0
b92f5078,UCB,1000.0,2018-08-21 16:54:39.113998,50.0,50.0,50.0,,1000.0,ensemble_size,[8.05868542e-06],[1.03162036],0.01,dngo,20.0,200.0,b92f5078--g-ensemble_size-s-1-m-dngo-init-20-k-200-f-camelback-nn-10-agg-median,median,0.0,10.0,200.0,camelback,1.0,0.0
bac25bc1,UCB,1000.0,2018-08-21 15:39:57.708197,50.0,50.0,50.0,,1000.0,funcs,[0.02176502],[-0.02176502],0.01,gp,20.0,200.0,bac25bc1--g-funcs-s-1-m-gp-init-20-k-200-f-rosenbrock,median,0.0,1.0,200.0,rosenbrock,1.0,0.0
baf8036e,UCB,1000.0,2018-08-21 10:46:42.577918,50.0,50.0,50.0,,1000.0,funcs,[3.94860567e-10],[-3.94860567e-10],0.01,gp,20.0,200.0,baf8036e--g-funcs-s-1-m-gp-init-20-k-200-f-levy,median,0.0,1.0,200.0,levy,1.0,0.0
bb244f85,UCB,1000.0,2018-08-21 10:45:41.871176,50.0,50.0,50.0,,1000.0,l2,[1.35259018],[-4.35259018],0.01,dngo,20.0,200.0,bb244f85--g-l2-s-1-m-dngo-init-20-k-200-l2-0.0-f-goldsteinprice,median,0.0,1.0,200.0,goldsteinprice,1.0,0.0
bb6ac425,UCB,1000.0,2018-08-21 18:26:18.965248,50.0,50.0,50.0,,1000.0,funcs,[0.00017783],[-0.00017783],0.01,dngo,20.0,200.0,bb6ac425--g-funcs-s-1-m-dngo-nn-10-agg-median-init-20-k-200-f-levy,median,0.0,10.0,200.0,levy,1.0,0.0
bd41a762,UCB,1000.0,2018-08-21 10:45:41.238329,50.0,50.0,50.0,[0.0],1000.0,embedding,[0.05075352],[-0.09367986],0.01,dngo,20.0,200.0,bd41a762--g-em-s-1-m-dngo-init-20-nn-5-agg-median-k-200-em-0-f-sinone,median,0.0,5.0,200.0,sinone,1.0,0.0
bdd0731f,UCB,1000.0,2018-08-21 13:09:30.023431,50.0,50.0,50.0,,1000.0,highdim,[1496.87561513],[-1496.87561513],0.01,gp,100.0,200.0,bdd0731f--g-highdim-s-1-m-gp-init-100-k-200-f-rosenbrock10D,median,0.0,1.0,200.0,rosenbrock10D,1.0,0.0
c0dd7fb5,UCB,1000.0,2018-08-21 21:33:09.914566,50.0,50.0,50.0,,1000.0,funcs,[5.5788707e-14],[-0.04292634],0.01,dngo,20.0,200.0,c0dd7fb5--g-funcs-s-1-m-dngo-nn-5-agg-max-init-20-k-200-f-sinone,max,0.0,5.0,200.0,sinone,1.0,0.0
c399cc06,UCB,1000.0,2018-08-21 23:08:07.461775,50.0,50.0,50.0,,1000.0,funcs,[0.71999137],[-3.71999137],0.01,dngo,20.0,200.0,c399cc06--g-funcs-s-1-m-dngo-mcmc-20-init-20-k-200-f-goldsteinprice,median,20.0,1.0,200.0,goldsteinprice,1.0,0.0
c3a529db,UCB,1000.0,2018-08-21 12:22:27.658716,50.0,50.0,50.0,,1000.0,funcs,[0.00021739],[3.86256215],0.01,dngo,20.0,200.0,c3a529db--g-funcs-s-1-m-dngo-mcmc-20-init-20-k-200-f-hartmann3,median,20.0,1.0,140.0,hartmann3,1.0,0.0
c5ec6295,UCB,1000.0,2018-08-21 17:22:09.907944,50.0,50.0,50.0,,1000.0,funcs,[0.00917108],[3.31319693],0.01,dngo,20.0,200.0,c5ec6295--g-funcs-s-1-m-dngo-nn-10-agg-median-init-20-k-200-f-hartmann6,median,0.0,10.0,120.0,hartmann6,1.0,0.0
c809cccf,UCB,1000.0,2018-08-21 10:45:41.360891,50.0,50.0,50.0,,1000.0,l2,[1.76744621],[-4.76744621],0.01,dngo,20.0,200.0,c809cccf--g-l2-s-1-m-dngo-init-20-k-200-l2-0.001-f-goldsteinprice,median,0.0,1.0,200.0,goldsteinprice,1.0,0.001
c925da41,UCB,1000.0,2018-08-21 11:28:11.186802,50.0,50.0,50.0,,1000.0,funcs,[1.43485405e-06],[-1.43485405e-06],0.01,dngo,20.0,200.0,c925da41--g-funcs-s-1-m-dngo-init-20-k-200-f-levy,median,0.0,1.0,200.0,levy,1.0,0.0
cbf893ba,UCB,1000.0,2018-08-22 04:50:46.817687,50.0,50.0,50.0,,1000.0,funcs,[0.00127632],[1.0303521],0.01,dngo,20.0,200.0,cbf893ba--g-funcs-s-1-m-dngo-mcmc-20-init-20-k-200-f-camelback,median,20.0,1.0,200.0,camelback,1.0,0.0
ce9ff794,UCB,1000.0,2018-08-21 19:16:54.407844,50.0,50.0,50.0,,1000.0,funcs,[5.56361144e-08],[6.02074006],0.01,dngo,20.0,200.0,ce9ff794--g-funcs-s-1-m-dngo-nn-5-agg-median-init-20-k-200-f-forrester,median,0.0,5.0,200.0,forrester,1.0,0.0
cf80d238,UCB,1000.0,2018-08-21 13:55:19.062231,50.0,50.0,50.0,,1000.0,funcs,[4.56231718e-07],[6.02073954],0.01,gp,20.0,200.0,cf80d238--g-funcs-s-1-m-gp-init-20-k-200-f-forrester,median,0.0,1.0,200.0,forrester,1.0,0.0
d1c728f2,UCB,1000.0,2018-08-21 18:43:20.935405,50.0,50.0,50.0,,1000.0,funcs,[0.00322299],[-0.40111035],0.01,dngo,20.0,200.0,d1c728f2--g-funcs-s-1-m-dngo-nn-5-agg-median-init-20-k-200-f-branin,median,0.0,5.0,200.0,branin,1.0,0.0
d357113b,UCB,1000.0,2018-08-21 23:29:10.073842,50.0,50.0,50.0,,1000.0,funcs,[3.4024716e-05],[-0.0018767],0.01,dngo,20.0,200.0,d357113b--g-funcs-s-1-m-dngo-mcmc-20-init-20-k-200-f-sintwo,median,20.0,1.0,200.0,sintwo,1.0,0.0
d666c0bc,UCB,1000.0,2018-08-22 05:30:15.931630,50.0,50.0,50.0,,1000.0,funcs,[0.86865107],[-0.86865107],0.01,dngo,20.0,200.0,d666c0bc--g-funcs-s-1-m-dngo-mcmc-20-init-20-k-200-f-rosenbrock,median,20.0,1.0,200.0,rosenbrock,1.0,0.0
d901a6a8,UCB,1000.0,2018-08-22 05:29:14.854777,50.0,50.0,50.0,,1000.0,funcs,[9.09344203e-08],[-9.09344203e-08],0.01,dngo,20.0,200.0,d901a6a8--g-funcs-s-1-m-dngo-mcmc-20-init-20-k-200-f-levy,median,20.0,1.0,200.0,levy,1.0,0.0
d9024931,UCB,1000.0,2018-08-21 13:19:31.162519,50.0,50.0,50.0,,1000.0,highdim,[1496.87561513],[-1496.87561513],0.01,dngo,100.0,200.0,d9024931--g-highdim-s-1-m-dngo-init-100-nn-5-agg-max-k-200-f-rosenbrock10D,max,0.0,5.0,200.0,rosenbrock10D,1.0,0.0
da23caa0,UCB,1000.0,2018-08-21 21:01:12.335710,50.0,50.0,50.0,,1000.0,funcs,[1.46935196],[-4.46935196],0.01,dngo,20.0,200.0,da23caa0--g-funcs-s-1-m-dngo-nn-5-agg-max-init-20-k-200-f-goldsteinprice,max,0.0,5.0,200.0,goldsteinprice,1.0,0.0
daf1cca2,UCB,1000.0,2018-08-21 10:46:10.912144,50.0,50.0,50.0,,1000.0,ensemble_size,[0.00022562],[-0.39811298],0.01,dngo,20.0,200.0,daf1cca2--g-ensemble_size-s-1-m-dngo-init-20-k-200-f-branin-nn-5-agg-max,max,0.0,5.0,200.0,branin,1.0,0.0
db58b438,UCB,1000.0,2018-08-21 10:46:42.639804,50.0,50.0,50.0,,1000.0,funcs,[4.71733087e-07],[6.02073953],0.01,gp,20.0,200.0,db58b438--g-funcs-s-1-m-gp-init-20-k-200-f-forrester,median,0.0,1.0,200.0,forrester,1.0,0.0
dc9833e5,UCB,1000.0,2018-08-21 11:36:13.137706,50.0,50.0,50.0,,1000.0,funcs,[7.66968345e-05],[3.86270283],0.01,dngo,20.0,200.0,dc9833e5--g-funcs-s-1-m-dngo-nn-5-agg-median-init-20-k-200-f-hartmann3,median,0.0,5.0,200.0,hartmann3,1.0,0.0
dda4d192,UCB,1000.0,2018-08-21 15:26:08.093609,50.0,50.0,50.0,,1000.0,funcs,[4.55962638e-07],[6.02073954],0.01,gp,20.0,200.0,dda4d192--g-funcs-s-1-m-gp-init-20-k-200-f-forrester,median,0.0,1.0,200.0,forrester,1.0,0.0
e1ea9d61,UCB,1000.0,2018-08-21 10:46:10.688819,50.0,50.0,50.0,[0.0],1000.0,embedding,[0.05075353],[-0.09367987],0.01,dngo,20.0,200.0,e1ea9d61--g-em-s-1-m-dngo-init-20-mcmc-20-k-200-em-0-f-sinone,median,20.0,1.0,200.0,sinone,1.0,0.0
e209c25f,UCB,1000.0,2018-08-21 10:46:42.552805,50.0,50.0,50.0,,1000.0,funcs,[0.00022562],[-0.39811298],0.01,dngo,20.0,200.0,e209c25f--g-funcs-s-1-m-dngo-init-20-k-200-f-branin,median,0.0,1.0,200.0,branin,1.0,0.0
e20e0f53,UCB,1000.0,2018-08-22 05:14:17.999718,50.0,50.0,50.0,,1000.0,funcs,[2.67400306],[-2.67400306],0.01,dngo,20.0,200.0,e20e0f53--g-funcs-s-1-m-dngo-mcmc-20-init-20-k-200-f-bohachevsky,median,20.0,1.0,200.0,bohachevsky,1.0,0.0
e2a76065,UCB,1000.0,2018-08-22 04:41:19.056163,50.0,50.0,50.0,,1000.0,funcs,[0.00022562],[-0.39811298],0.01,dngo,20.0,200.0,e2a76065--g-funcs-s-1-m-dngo-mcmc-20-init-20-k-200-f-branin,median,20.0,1.0,200.0,branin,1.0,0.0
e3968edf,UCB,1000.0,2018-08-21 14:24:48.741898,50.0,50.0,50.0,,1000.0,funcs,[1.42023e-05],[3.86276533],0.01,dngo,20.0,200.0,e3968edf--g-funcs-s-1-m-dngo-init-20-k-200-f-hartmann3,median,0.0,1.0,200.0,hartmann3,1.0,0.0
e4172210,UCB,1000.0,2018-08-22 04:39:56.968024,50.0,50.0,50.0,,1000.0,funcs,[0.00157853],[1.03004989],0.01,dngo,20.0,200.0,e4172210--g-funcs-s-1-m-dngo-nn-5-agg-max-init-20-k-200-f-camelback,max,0.0,5.0,200.0,camelback,1.0,0.0
e5790bfe,UCB,1000.0,2018-08-21 13:17:26.830350,50.0,50.0,50.0,,1000.0,highdim,[1441.61709379],[-1441.61709379],0.01,dngo,100.0,200.0,e5790bfe--g-highdim-s-1-m-dngo-init-100-k-200-f-rosenbrock10D,median,0.0,1.0,200.0,rosenbrock10D,1.0,0.0
e7f38dbb,UCB,1000.0,2018-08-21 16:13:38.133868,50.0,50.0,50.0,,1000.0,funcs,[0.71999137],[-3.71999137],0.01,dngo,20.0,200.0,e7f38dbb--g-funcs-s-1-m-dngo-init-20-k-200-f-goldsteinprice,median,0.0,1.0,200.0,goldsteinprice,1.0,0.0
ea6ab4e9,UCB,1000.0,2018-08-21 10:45:12.185873,50.0,50.0,50.0,,1000.0,epoch,[0.00218487],[-0.00402754],0.01,dngo,20.0,200.0,ea6ab4e9--g-epoch-s-1-m-dngo-init-20-k-200-e-1000-f-sintwo,median,0.0,1.0,200.0,sintwo,1.0,0.0
eaa7e991,UCB,1000.0,2018-08-21 23:35:09.126405,50.0,50.0,50.0,,1000.0,funcs,[0.04133849],[3.28102953],0.01,dngo,20.0,200.0,eaa7e991--g-funcs-s-1-m-dngo-nn-10-agg-median-init-20-k-200-f-hartmann6,median,0.0,10.0,110.0,hartmann6,1.0,0.0
ebbc4723,UCB,1000.0,2018-08-21 10:45:41.520683,50.0,50.0,50.0,,1000.0,l2,[0.00507184],[-3.00507184],0.01,gp,20.0,200.0,ebbc4723--g-l2-s-1-m-gp-init-20-k-200-f-goldsteinprice,median,0.0,1.0,200.0,goldsteinprice,1.0,0.0
ede9a2a7,UCB,1000.0,2018-08-21 23:48:24.053911,50.0,50.0,50.0,,1000.0,funcs,[5.47188979e-08],[6.02074005],0.01,dngo,20.0,200.0,ede9a2a7--g-funcs-s-1-m-dngo-nn-10-agg-median-init-20-k-200-f-forrester,median,0.0,10.0,200.0,forrester,1.0,0.0
f17df7d8,UCB,1000.0,2018-08-21 11:37:43.509150,50.0,50.0,50.0,,1000.0,funcs,[0.03000158],[3.29236644],0.01,dngo,20.0,200.0,f17df7d8--g-funcs-s-1-m-dngo-nn-5-agg-median-init-20-k-200-f-hartmann6,median,0.0,5.0,170.0,hartmann6,1.0,0.0
f2684074,UCB,40.0,2018-08-21 10:46:12.300302,50.0,50.0,50.0,,1000.0,minibatch,[0.00020993],[-0.00205261],0.01,dngo,20.0,200.0,f2684074--g-minibatch-s-1-m-dngo-bs-40-init-20-k-200-f-sintwo,median,0.0,1.0,200.0,sintwo,1.0,0.0
f2ab521b,UCB,1000.0,2018-08-21 14:10:52.996191,50.0,50.0,50.0,,1000.0,funcs,[0.00022664],[-0.00022664],0.01,gp,20.0,200.0,f2ab521b--g-funcs-s-1-m-gp-init-20-k-200-f-rosenbrock,median,0.0,1.0,200.0,rosenbrock,1.0,0.0
f525bf0b,UCB,1000.0,2018-08-21 12:55:28.984946,50.0,50.0,50.0,,1000.0,funcs,[1.38128364e-05],[-0.00185648],0.01,dngo,20.0,200.0,f525bf0b--g-funcs-s-1-m-dngo-mcmc-20-init-20-k-200-f-sintwo,median,20.0,1.0,200.0,sintwo,1.0,0.0
f6cf24ce,UCB,1000.0,2018-08-22 01:04:14.765597,50.0,50.0,50.0,,1000.0,funcs,[4.79366884e-08],[6.02074005],0.01,dngo,20.0,200.0,f6cf24ce--g-funcs-s-1-m-dngo-nn-5-agg-median-init-20-k-200-f-forrester,median,0.0,5.0,200.0,forrester,1.0,0.0
f73536e4,UCB,1000.0,2018-08-21 17:09:21.069885,50.0,50.0,50.0,,1000.0,ensemble_size,[8.05868542e-06],[1.03162036],0.01,dngo,20.0,200.0,f73536e4--g-ensemble_size-s-1-m-dngo-init-20-k-200-f-camelback-nn-15-agg-median,median,0.0,15.0,200.0,camelback,1.0,0.0
f7abf5e1,UCB,1000.0,2018-08-21 13:06:28.967096,50.0,50.0,50.0,,1000.0,funcs,[0.0424],[-0.0424],0.01,dngo,20.0,200.0,f7abf5e1--g-funcs-s-1-m-dngo-mcmc-20-init-20-k-200-f-logistic_regression_mnist,median,20.0,1.0,110.0,logistic_regression_mnist,1.0,0.0
f81bad3f,UCB,1000.0,2018-08-21 12:02:49.152209,50.0,50.0,50.0,,1000.0,funcs,[0.93975481],[-0.93975481],0.01,dngo,20.0,200.0,f81bad3f--g-funcs-s-1-m-dngo-nn-5-agg-max-init-20-k-200-f-rosenbrock,max,0.0,5.0,200.0,rosenbrock,1.0,0.0
f8d53088,UCB,1000.0,2018-08-21 19:49:34.227467,50.0,50.0,50.0,,1000.0,funcs,[2.57040833e-10],[-0.04292634],0.01,dngo,20.0,200.0,f8d53088--g-funcs-s-1-m-dngo-nn-5-agg-median-init-20-k-200-f-sinone,median,0.0,5.0,200.0,sinone,1.0,0.0
fa4ff605,UCB,1000.0,2018-08-21 20:46:07.436618,50.0,50.0,50.0,,1000.0,funcs,[4.27622935],[-4.27622935],0.01,dngo,20.0,200.0,fa4ff605--g-funcs-s-1-m-dngo-nn-5-agg-max-init-20-k-200-f-bohachevsky,max,0.0,5.0,200.0,bohachevsky,1.0,0.0
faab502f,UCB,1000.0,2018-08-21 11:56:48.704353,50.0,50.0,50.0,,1000.0,funcs,[0.00127572],[1.0303527],0.01,dngo,20.0,200.0,faab502f--g-funcs-s-1-m-dngo-nn-5-agg-max-init-20-k-200-f-camelback,max,0.0,5.0,200.0,camelback,1.0,0.0
fafa72b3,UCB,1000.0,2018-08-21 14:54:05.860141,50.0,50.0,50.0,,1000.0,funcs,[9.09344203e-08],[-9.09344203e-08],0.01,dngo,20.0,200.0,fafa72b3--g-funcs-s-1-m-dngo-init-20-k-200-f-levy,median,0.0,1.0,200.0,levy,1.0,0.0
fd84c367,UCB,1000.0,2018-08-21 12:00:48.422584,50.0,50.0,50.0,,1000.0,funcs,[4.27622935],[-4.27622935],0.01,dngo,20.0,200.0,fd84c367--g-funcs-s-1-m-dngo-nn-5-agg-max-init-20-k-200-f-bohachevsky,max,0.0,5.0,200.0,bohachevsky,1.0,0.0
ff1314c4,UCB,1000.0,2018-08-21 14:01:21.659733,50.0,50.0,50.0,,1000.0,funcs,[0.77920403],[-0.77920403],0.01,gp,20.0,200.0,ff1314c4--g-funcs-s-1-m-gp-init-20-k-200-f-bohachevsky,median,0.0,1.0,170.0,bohachevsky,1.0,0.0
