uuid,acq,activations,batch_size,date,dim_basis,dim_h1,dim_h2,embedding,epochs,group,immediate_regret,incumbent,lr,model,n_init,n_iter,name,nn_aggregator,nn_training,num_mcmc,num_nn,num_steps,obj_func,seed,weight_decay
0022e693,UCB,"['relu', 'relu', 'tanh']",1000,2018-08-24 12:55:02.166395,50,50,50,,1000,funcs,[4.67230413e-06],[-4.67230413e-06],0.01,dngo,50,200,0022e693--g-funcs-s-1-m-dngo-nn-10-agg-average-init-50-k-200-f-levy,average,fixed,0,10,200,levy,1,0.0
01bc611a,UCB,"['relu', 'relu', 'tanh']",1000,2018-08-25 20:44:08.852001,50,50,50,,1000,funcs,[-0.39919],[-0.39919],0.01,dngo,50,200,01bc611a--g-funcs-s-4-m-dngo-l2-0.0001-nnt-retrain-reset-nn-5-agg-average-init-50-k-200-f-branin,average,retrain-reset,0,5,200,branin,4,0.0001
029eba73,UCB,"['relu', 'relu', 'tanh']",1000,2018-08-24 10:04:21.016277,50,50,50,,1000,funcs,[0.00014721],[3.86263233],0.01,dngo,50,200,029eba73--g-funcs-s-1-m-dngo-nnt-retrain-reset-init-50-k-200-f-hartmann3,median,retrain-reset,0,1,200,hartmann3,1,0.0
05cddd8f,UCB,"['relu', 'relu', 'tanh']",1000,2018-08-25 15:07:05.153775,50,50,50,,1000,funcs,[-0.43950241],[-0.43950241],0.01,dngo,50,200,05cddd8f--g-funcs-s-4-m-dngo-l2-0.0001-nnt-fixed-nn-10-agg-average-init-50-k-200-f-branin,average,fixed,0,10,190,branin,4,0.0001
072b10ae,UCB,"['relu', 'relu', 'tanh']",1000,2018-08-24 09:40:47.265945,50,50,50,,1000,funcs,[0.00125973],[-3.00125973],0.01,gp,50,200,072b10ae--g-funcs-s-1-m-gp-init-50-k-200-f-goldsteinprice,median,fixed,0,1,200,goldsteinprice,1,0.0
07817f28,UCB,"['relu', 'relu', 'tanh']",1000,2018-08-25 13:12:09.377026,50,50,50,,1000,funcs,[-0.40117899],[-0.40117899],0.01,dngo,50,200,07817f28--g-funcs-s-2-m-dngo-l2-0.0001-nnt-retrain-init-50-k-200-f-branin,median,retrain,0,1,200,branin,2,0.0001
08149798,UCB,"['relu', 'relu', 'tanh']",1000,2018-08-25 15:06:36.055273,50,50,50,,1000,funcs,[3.00187603],[3.00187603],0.01,dngo,50,200,08149798--g-funcs-s-3-m-dngo-l2-0.0001-nnt-retrain-nn-5-agg-average-init-50-k-200-f-hartmann6,average,retrain,0,5,90,hartmann6,3,0.0001
092e2050,UCB,"['relu', 'relu', 'tanh']",1000,2018-08-25 11:48:37.899454,50,50,50,,1000,funcs,[-0.0148],[-0.0148],0.01,dngo,2,100,092e2050--g-funcs-s-1-f-svm_mnist-m-dngo-l2-0.0001-nnt-retrain-reset-init-2-k-100,median,retrain-reset,0,1,10,svm_mnist,1,0.0001
0a551201,UCB,"['relu', 'relu', 'tanh']",1000,2018-08-24 09:37:13.943351,50,50,50,,1000,funcs,[1.15774767],[-1.15774767],0.01,dngo,50,200,0a551201--g-funcs-s-1-m-dngo-nnt-retrain-init-50-k-200-f-rosenbrock,median,retrain,0,1,200,rosenbrock,1,0.0
0aaddc89,UCB,"['relu', 'relu', 'tanh']",1000,2018-08-24 16:52:56.520753,50,50,50,,1000,ensemble,[0.01038785],[-0.40827521],0.01,dngo,20,200,0aaddc89--g-ensemble-s-1-m-dngo-l2-0.0001-nnt-fixed-init-20-k-200-f-branin-nn-5-agg-median,median,fixed,0,5,200,branin,1,0.0001
0ab1946f,UCB,"['relu', 'relu', 'tanh']",1000,2018-08-24 10:16:19.615862,50,50,50,,1000,funcs,[1.093018],[-4.093018],0.01,dngo,50,200,0ab1946f--g-funcs-s-1-m-dngo-nnt-retrain-reset-init-50-k-200-f-goldsteinprice,median,retrain-reset,0,1,200,goldsteinprice,1,0.0
0b45d0be,UCB,"['relu', 'relu', 'tanh']",1000,2018-08-25 15:07:06.831128,50,50,50,,1000,funcs,[3.04464664],[3.04464664],0.01,dngo,50,200,0b45d0be--g-funcs-s-4-m-dngo-l2-0.0001-nnt-fixed-init-50-k-200-f-hartmann6,median,fixed,0,1,80,hartmann6,4,0.0001
0cb332b8,UCB,"['relu', 'relu', 'tanh']",1000,2018-08-24 16:52:54.230276,50,50,50,,1000,epoch,[1.40363173e-07],[-0.04292648],0.01,dngo,20,200,0cb332b8--g-epoch-s-1-m-dngo-l2-0.0001-nnt-fixed-init-20-k-200-e-1000-f-sinone,median,fixed,0,1,200,sinone,1,0.0001
0d33fdf4,UCB,"['relu', 'relu', 'tanh']",1000,2018-08-24 16:52:54.126195,50,50,50,,100,epoch,[0.02514622],[-0.42303357],0.01,dngo,20,200,0d33fdf4--g-epoch-s-1-m-dngo-l2-0.0001-nnt-fixed-init-20-k-200-e-100-f-branin,median,fixed,0,1,200,branin,1,0.0001
0e4cf1d7,UCB,"['relu', 'relu', 'tanh']",1000,2018-08-24 09:40:46.858549,50,50,50,,1000,funcs,[0.00929509],[-0.00929509],0.01,gp,50,200,0e4cf1d7--g-funcs-s-1-m-gp-init-50-k-200-f-rosenbrock,median,fixed,0,1,130,rosenbrock,1,0.0
0e941eb1,UCB,"['relu', 'relu', 'tanh']",1000,2018-08-24 13:31:37.093852,50,50,50,,1000,l2,[0.05306848],[-0.45095584],0.01,dngo,20,200,0e941eb1--g-l2-s-1-m-dngo-nnt-fixed-init-20-k-200-l2-0.0-f-branin,median,fixed,0,1,200,branin,1,0.0
0fcf1d52,UCB,"['relu', 'relu', 'tanh']",1000,2018-08-24 09:51:20.060121,50,50,50,,1000,funcs,[0.80340626],[-3.80340626],0.01,dngo,50,200,0fcf1d52--g-funcs-s-1-m-dngo-nn-10-agg-average-init-50-k-200-f-goldsteinprice,average,fixed,0,10,130,goldsteinprice,1,0.0
1156972e,UCB,"['relu', 'relu', 'tanh']",1000,2018-08-24 13:35:07.545413,50,50,50,,1000,funcs,[0.01072319],[3.31164482],0.01,gp,50,200,1156972e--g-funcs-s-1-m-gp-init-50-k-200-f-hartmann6,median,fixed,0,1,180,hartmann6,1,0.0
116289ad,UCB,"['relu', 'relu', 'tanh']",1000,2018-08-24 09:37:44.877578,50,50,50,,1000,funcs,[9.92240035e-07],[-0.04292733],0.01,dngo,50,200,116289ad--g-funcs-s-1-m-dngo-nnt-retrain-nn-10-agg-average-init-50-k-200-f-sinone,average,retrain,0,10,150,sinone,1,0.0
131ca0b6,UCB,"['relu', 'relu', 'tanh']",1000,2018-08-24 09:41:14.329905,50,50,50,,1000,funcs,[7.79613494e-08],[6.02073992],0.01,dngo,50,200,131ca0b6--g-funcs-s-1-m-dngo-init-50-k-200-f-forrester,median,fixed,0,1,200,forrester,1,0.0
14ca1293,UCB,"['relu', 'relu', 'tanh']",1000,2018-08-25 15:31:08.508307,50,50,50,,1000,funcs,[-0.41493247],[-0.41493247],0.01,dngo,50,200,14ca1293--g-funcs-s-4-m-dngo-l2-0.0001-nnt-fixed-nn-10-agg-max-init-50-k-200-f-branin,max,fixed,0,10,200,branin,4,0.0001
175d74c1,UCB,"['relu', 'relu', 'tanh']",1000,2018-08-25 15:07:05.127803,50,50,50,,1000,funcs,[3.860696],[3.860696],0.01,dngo,50,200,175d74c1--g-funcs-s-4-m-dngo-l2-0.0001-nnt-fixed-init-50-k-200-f-hartmann3,median,fixed,0,1,160,hartmann3,4,0.0001
1c3f792d,UCB,"['relu', 'relu', 'tanh']",1000,2018-08-24 11:33:37.351787,50,50,50,,1000,funcs,[1.20538128e-07],[-0.04292646],0.01,dngo,50,200,1c3f792d--g-funcs-s-1-m-dngo-nnt-retrain-reset-nn-10-agg-average-init-50-k-200-f-sinone,average,retrain-reset,0,10,130,sinone,1,0.0
208e5f04,UCB,"['relu', 'relu', 'tanh']",1000,2018-08-25 15:06:37.558533,50,50,50,,1000,funcs,[3.08746678],[3.08746678],0.01,gp,50,200,208e5f04--g-funcs-s-3-m-gp-init-50-k-200-f-hartmann6,median,fixed,0,1,180,hartmann6,3,0.0
22d32328,UCB,"['relu', 'relu', 'tanh']",1000,2018-08-24 13:12:03.749825,50,50,50,,1000,n_init,[0.00615265],[-0.40404001],0.01,dngo,100,200,22d32328--g-init-s-1-m-dngo-nnt-fixed-init-100-k-200-e-1000-f-branin,median,fixed,0,1,200,branin,1,0.0
22dc1a74,UCB,"['relu', 'relu', 'tanh']",1000,2018-08-24 16:53:24.999248,50,50,50,,100,epoch,[0.01239622],[3.85038332],0.01,dngo,20,200,22dc1a74--g-epoch-s-1-m-dngo-l2-0.0001-nnt-fixed-init-20-k-200-e-100-f-hartmann3,median,fixed,0,1,200,hartmann3,1,0.0001
27584e00,UCB,"['relu', 'relu', 'tanh']",1000,2018-08-25 15:07:04.770151,50,50,50,,1000,funcs,[3.19838175],[3.19838175],0.01,dngo,50,200,27584e00--g-funcs-s-3-m-dngo-l2-0.0001-nnt-retrain-reset-init-50-k-200-f-hartmann6,median,retrain-reset,0,1,100,hartmann6,3,0.0001
28784caf,UCB,"['relu', 'relu', 'tanh']",1000,2018-08-25 20:40:07.438232,50,50,50,,1000,funcs,[3.70030228],[3.70030228],0.01,dngo,50,200,28784caf--g-funcs-s-1-m-dngo-l2-0.0001-nnt-fixed-nn-10-agg-max-init-50-k-200-f-hartmann3,max,fixed,0,10,40,hartmann3,1,0.0001
28e81bcd,UCB,"['relu', 'relu', 'tanh']",1000,2018-08-25 13:12:40.829708,50,50,50,,1000,funcs,[-0.40117899],[-0.40117899],0.01,dngo,50,200,28e81bcd--g-funcs-s-2-m-dngo-l2-0.0001-nnt-retrain-reset-init-50-k-200-f-branin,median,retrain-reset,0,1,200,branin,2,0.0001
2ba27f8e,UCB,"['relu', 'relu', 'tanh']",1000,2018-08-25 13:11:09.904515,50,50,50,,1000,funcs,[3.86277195],[3.86277195],0.01,gp,50,200,2ba27f8e--g-funcs-s-2-m-gp-init-50-k-200-f-hartmann3,median,fixed,0,1,200,hartmann3,2,0.0
2d06fc04,UCB,"['relu', 'relu', 'tanh']",1000,2018-08-25 20:43:42.476076,50,50,50,,1000,funcs,[3.8549967],[3.8549967],0.01,dngo,50,200,2d06fc04--g-funcs-s-3-m-dngo-l2-0.0001-nnt-retrain-reset-nn-5-agg-average-init-50-k-200-f-hartmann3,average,retrain-reset,0,5,120,hartmann3,3,0.0001
2e2c2660,UCB,"['relu', 'relu', 'tanh']",1000,2018-08-24 09:37:45.120415,50,50,50,,1000,funcs,[4.66726524],[-4.66726524],0.01,dngo,50,200,2e2c2660--g-funcs-s-1-m-dngo-nnt-retrain-nn-10-agg-average-init-50-k-200-f-bohachevsky,average,retrain,0,10,200,bohachevsky,1,0.0
2f1b431d,UCB,"['relu', 'relu', 'tanh']",1000,2018-08-24 17:03:38.821261,50,50,50,,1000,funcs,[0.0785],[-0.0785],0.01,dngo,20,100,2f1b431d--g-funcs-s-1-m-dngo-l2-0.0001-nnt-fixed-init-20-k-100-f-logistic_regression_mnist,median,fixed,0,1,20,logistic_regression_mnist,1,0.0001
30a0e3be,UCB,"['relu', 'relu', 'tanh']",1000,2018-08-24 16:52:25.887890,50,50,50,,1000,ensemble,[2.80974456e-06],[-0.39789017],0.01,gp,20,200,30a0e3be--g-ensemble-s-1-m-gp-init-20-k-200-f-branin,median,fixed,0,1,200,branin,1,0.0
31dcc8da,UCB,"['relu', 'relu', 'tanh']",1000,2018-08-24 16:52:54.933877,50,50,50,,1000,ensemble,[0.00330156],[-0.40118891],0.01,dngo,20,200,31dcc8da--g-ensemble-s-1-m-dngo-l2-0.0001-nnt-fixed-init-20-k-200-f-branin-nn-15-agg-median,median,fixed,0,15,200,branin,1,0.0001
3952fd3e,UCB,"['relu', 'relu', 'tanh']",1000,2018-08-25 11:48:57.211718,50,50,50,,1000,funcs,[-0.06770001],[-0.06770001],0.01,gp,2,100,3952fd3e--g-funcs-s-1-f-lr_mnist-m-gp-init-2-k-100,median,fixed,0,1,100,lr_mnist,1,0.0
3dd11fca,UCB,"['relu', 'relu', 'tanh']",1000,2018-08-24 13:35:37.593002,50,50,50,,1000,l2,[0.00964284],[-0.4075302],0.01,dngo,50,200,3dd11fca--g-l2-s-1-m-dngo-nnt-fixed-init-50-k-200-l2-0.001-f-branin,median,fixed,0,1,200,branin,1,0.001
3e488155,UCB,"['relu', 'relu', 'tanh']",1000,2018-08-25 13:18:08.158075,50,50,50,,1000,funcs,[-0.40117899],[-0.40117899],0.01,dngo,50,200,3e488155--g-funcs-s-2-m-dngo-l2-0.0001-nnt-retrain-reset-nn-5-agg-average-init-50-k-200-f-branin,average,retrain-reset,0,5,200,branin,2,0.0001
3ed56ae4,UCB,"['relu', 'relu', 'tanh']",1000,2018-08-25 15:07:06.200200,50,50,50,,1000,funcs,[-0.39788852],[-0.39788852],0.01,gp,50,200,3ed56ae4--g-funcs-s-4-m-gp-init-50-k-200-f-branin,median,fixed,0,1,170,branin,4,0.0
3f963a6e,UCB,"['relu', 'relu', 'tanh']",1000,2018-08-24 16:52:54.230491,50,50,50,,100,epoch,[5.93058522e-07],[-0.04292694],0.01,dngo,20,200,3f963a6e--g-epoch-s-1-m-dngo-l2-0.0001-nnt-fixed-init-20-k-200-e-100-f-sinone,median,fixed,0,1,200,sinone,1,0.0001
403edcbb,UCB,"['relu', 'relu', 'tanh']",1000,2018-08-24 16:53:25.255181,50,50,50,,10000,epoch,[0.00660754],[-0.4044949],0.01,dngo,20,200,403edcbb--g-epoch-s-1-m-dngo-l2-0.0001-nnt-fixed-init-20-k-200-e-10000-f-branin,median,fixed,0,1,200,branin,1,0.0001
417b9efb,UCB,"['relu', 'relu', 'tanh']",1000,2018-08-24 10:26:19.701982,50,50,50,,1000,funcs,[0.14880385],[-0.14880385],0.01,dngo,50,200,417b9efb--g-funcs-s-1-m-dngo-nnt-retrain-reset-init-50-k-200-f-rosenbrock,median,retrain-reset,0,1,200,rosenbrock,1,0.0
41f47599,UCB,"['relu', 'relu', 'tanh']",1000,2018-08-24 12:51:34.200713,50,50,50,,1000,funcs,[6.08600866],[-6.08600866],0.01,dngo,50,200,41f47599--g-funcs-s-1-m-dngo-nn-10-agg-average-init-50-k-200-f-bohachevsky,average,fixed,0,10,200,bohachevsky,1,0.0
42f75d36,UCB,"['relu', 'relu', 'tanh']",1000,2018-08-25 13:12:09.223721,50,50,50,,1000,funcs,[2.79706223],[2.79706223],0.01,dngo,50,200,42f75d36--g-funcs-s-2-m-dngo-l2-0.0001-nnt-fixed-nn-10-agg-average-init-50-k-200-f-hartmann6,average,fixed,0,10,20,hartmann6,2,0.0001
43e5b52f,UCB,"['relu', 'relu', 'tanh']",1000,2018-08-25 15:06:36.406363,50,50,50,,1000,funcs,[-0.40626266],[-0.40626266],0.01,dngo,50,200,43e5b52f--g-funcs-s-3-m-dngo-l2-0.0001-nnt-fixed-nn-10-agg-average-init-50-k-200-f-branin,average,fixed,0,10,180,branin,3,0.0001
45760818,UCB,"['relu', 'relu', 'tanh']",1000,2018-08-24 09:37:45.074048,50,50,50,,1000,funcs,[1.09330117],[-4.09330117],0.01,dngo,50,200,45760818--g-funcs-s-1-m-dngo-nnt-retrain-nn-10-agg-average-init-50-k-200-f-goldsteinprice,average,retrain,0,10,140,goldsteinprice,1,0.0
45c9004f,UCB,"['relu', 'relu', 'tanh']",1000,2018-08-24 09:40:47.099861,50,50,50,,1000,funcs,[4.55174409e-07],[1.03162796],0.01,gp,50,200,45c9004f--g-funcs-s-1-m-gp-init-50-k-200-f-camelback,median,fixed,0,1,200,camelback,1,0.0
47b6dffb,UCB,"['relu', 'relu', 'tanh']",1000,2018-08-24 12:04:37.716839,50,50,50,,1000,funcs,[1.43209489],[-1.43209489],0.01,dngo,50,200,47b6dffb--g-funcs-s-1-m-dngo-init-50-k-200-f-rosenbrock,median,fixed,0,1,200,rosenbrock,1,0.0
4a255044,UCB,"['relu', 'relu', 'tanh']",1000,2018-08-24 12:53:01.956698,50,50,50,,1000,funcs,[3.91685374],[-6.91685374],0.01,dngo,50,200,4a255044--g-funcs-s-1-m-dngo-nn-10-agg-average-init-50-k-200-f-goldsteinprice,average,fixed,0,10,140,goldsteinprice,1,0.0
4e8e26cf,UCB,"['relu', 'relu', 'tanh']",1000,2018-08-24 13:12:03.611577,50,50,50,,1000,n_init,[0.01554978],[-0.41343714],0.01,dngo,50,200,4e8e26cf--g-init-s-1-m-dngo-nnt-fixed-init-50-k-200-e-1000-f-branin,median,fixed,0,1,200,branin,1,0.0
5066f409,UCB,"['relu', 'relu', 'tanh']",1000,2018-08-24 11:58:19.678543,50,50,50,,1000,funcs,[1.62709662e-06],[-1.62709662e-06],0.01,dngo,50,200,5066f409--g-funcs-s-1-m-dngo-init-50-k-200-f-levy,median,fixed,0,1,200,levy,1,0.0
53eb790e,UCB,"['relu', 'relu', 'tanh']",1000,2018-08-25 20:43:38.572128,50,50,50,,1000,funcs,[-0.40316604],[-0.40316604],0.01,dngo,50,200,53eb790e--g-funcs-s-3-m-dngo-l2-0.0001-nnt-retrain-reset-nn-5-agg-average-init-50-k-200-f-branin,average,retrain-reset,0,5,200,branin,3,0.0001
57167372,UCB,"['relu', 'relu', 'tanh']",1000,2018-08-24 11:33:37.637194,50,50,50,,1000,funcs,[4.66726524],[-4.66726524],0.01,dngo,50,200,57167372--g-funcs-s-1-m-dngo-nnt-retrain-reset-nn-10-agg-average-init-50-k-200-f-bohachevsky,average,retrain-reset,0,10,200,bohachevsky,1,0.0
61a45035,UCB,"['relu', 'relu', 'tanh']",1000,2018-08-24 13:38:07.288893,50,50,50,,1000,l2,[0.03658839],[-0.43447575],0.01,dngo,50,200,61a45035--g-l2-s-1-m-dngo-nnt-fixed-init-50-k-200-l2-0.0-f-branin,median,fixed,0,1,200,branin,1,0.0
631e2a92,UCB,"['relu', 'relu', 'tanh']",1000,2018-08-25 15:07:06.538442,50,50,50,,1000,funcs,[-0.41825768],[-0.41825768],0.01,dngo,50,200,631e2a92--g-funcs-s-4-m-dngo-l2-0.0001-nnt-retrain-init-50-k-200-f-branin,median,retrain,0,1,200,branin,4,0.0001
656a3465,UCB,"['relu', 'relu', 'tanh']",1000,2018-08-25 13:11:09.552643,50,50,50,,1000,funcs,[-0.40947028],[-0.40947028],0.01,dngo,50,200,656a3465--g-funcs-s-2-m-dngo-l2-0.0001-nnt-fixed-nn-10-agg-average-init-50-k-200-f-branin,average,fixed,0,10,200,branin,2,0.0001
65954df6,UCB,"['relu', 'relu', 'tanh']",1000,2018-08-25 20:44:10.628707,50,50,50,,1000,funcs,[3.0446453],[3.0446453],0.01,dngo,50,200,65954df6--g-funcs-s-4-m-dngo-l2-0.0001-nnt-retrain-nn-5-agg-average-init-50-k-200-f-hartmann6,average,retrain,0,5,60,hartmann6,4,0.0001
65c47349,UCB,"['relu', 'relu', 'tanh']",1000,2018-08-24 09:54:19.168898,50,50,50,,1000,funcs,[0.20044705],[-0.20044705],0.01,dngo,50,200,65c47349--g-funcs-s-1-m-dngo-nn-10-agg-average-init-50-k-200-f-rosenbrock,average,fixed,0,10,200,rosenbrock,1,0.0
668ffbeb,UCB,"['relu', 'relu', 'tanh']",1000,2018-08-25 15:07:05.052261,50,50,50,,1000,funcs,[-0.39829345],[-0.39829345],0.01,dngo,50,200,668ffbeb--g-funcs-s-4-m-dngo-l2-0.0001-nnt-fixed-init-50-k-200-f-branin,median,fixed,0,1,200,branin,4,0.0001
674d435b,UCB,"['relu', 'relu', 'tanh']",1000,2018-08-25 13:11:09.400657,50,50,50,,1000,funcs,[3.8048588],[3.8048588],0.01,dngo,50,200,674d435b--g-funcs-s-2-m-dngo-l2-0.0001-nnt-fixed-init-50-k-200-f-hartmann3,median,fixed,0,1,190,hartmann3,2,0.0001
68eff350,UCB,"['relu', 'relu', 'tanh']",1000,2018-08-24 09:53:50.657623,50,50,50,,1000,funcs,[1.76688745e-06],[-1.76688745e-06],0.01,dngo,50,200,68eff350--g-funcs-s-1-m-dngo-nn-10-agg-average-init-50-k-200-f-levy,average,fixed,0,10,200,levy,1,0.0
695b1d16,UCB,"['relu', 'relu', 'tanh']",1000,2018-08-25 11:48:40.402908,50,50,50,,1000,funcs,[-0.01137278],[-0.01137278],0.01,gp,2,100,695b1d16--g-funcs-s-1-f-fcnet_mnist-m-gp-init-2-k-100,median,fixed,0,1,100,fcnet_mnist,1,0.0
69c20e78,UCB,"['relu', 'relu', 'tanh']",1000,2018-08-25 15:33:41.822205,50,50,50,,1000,funcs,[2.53857819],[2.53857819],0.01,dngo,50,200,69c20e78--g-funcs-s-4-m-dngo-l2-0.0001-nnt-fixed-nn-10-agg-max-init-50-k-200-f-hartmann6,max,fixed,0,10,10,hartmann6,4,0.0001
6afe2793,UCB,"['relu', 'relu', 'tanh']",1000,2018-08-25 15:06:36.331623,50,50,50,,1000,funcs,[2.98108951],[2.98108951],0.01,dngo,50,200,6afe2793--g-funcs-s-3-m-dngo-l2-0.0001-nnt-fixed-init-50-k-200-f-hartmann6,median,fixed,0,1,80,hartmann6,3,0.0001
6ba22e72,UCB,"['relu', 'relu', 'tanh']",1000,2018-08-24 13:10:02.923328,50,50,50,,1000,n_init,[0.08088043],[-0.47876779],0.01,dngo,20,200,6ba22e72--g-init-s-1-m-dngo-nnt-fixed-init-20-k-200-e-1000-f-branin,median,fixed,0,1,200,branin,1,0.0
6be44b1f,UCB,"['relu', 'relu', 'tanh']",1000,2018-08-24 16:52:25.550961,50,50,50,,1000,ensemble,[0.00322299],[-0.40111035],0.01,dngo,20,200,6be44b1f--g-ensemble-s-1-m-dngo-l2-0.0001-nnt-fixed-init-20-k-200-f-branin,median,fixed,0,1,200,branin,1,0.0001
6c5dd2e2,UCB,"['relu', 'relu', 'tanh']",1000,2018-08-24 11:33:06.318212,50,50,50,,1000,funcs,[0.01902591],[-0.41691327],0.01,dngo,50,200,6c5dd2e2--g-funcs-s-1-m-dngo-nnt-retrain-reset-nn-10-agg-average-init-50-k-200-f-branin,average,retrain-reset,0,10,200,branin,1,0.0
6c650b0c,UCB,"['relu', 'relu', 'tanh']",1000,2018-08-25 15:06:38.525521,50,50,50,,1000,funcs,[-0.4042049],[-0.4042049],0.01,dngo,50,200,6c650b0c--g-funcs-s-3-m-dngo-l2-0.0001-nnt-retrain-reset-init-50-k-200-f-branin,median,retrain-reset,0,1,200,branin,3,0.0001
6cd4091b,UCB,"['relu', 'relu', 'tanh']",1000,2018-08-24 11:43:05.745385,50,50,50,,1000,funcs,[0.32025893],[3.00210908],0.01,dngo,50,200,6cd4091b--g-funcs-s-1-m-dngo-init-50-k-200-f-hartmann6,median,fixed,0,1,120,hartmann6,1,0.0
745a6385,UCB,"['relu', 'relu', 'tanh']",1000,2018-08-25 15:48:11.420173,50,50,50,,1000,funcs,[3.82225611],[3.82225611],0.01,dngo,50,200,745a6385--g-funcs-s-3-m-dngo-l2-0.0001-nnt-fixed-nn-10-agg-max-init-50-k-200-f-hartmann3,max,fixed,0,10,50,hartmann3,3,0.0001
75207a4a,UCB,"['relu', 'relu', 'tanh']",1000,2018-08-25 20:40:08.765583,50,50,50,,1000,funcs,[-0.41324615],[-0.41324615],0.01,dngo,50,200,75207a4a--g-funcs-s-1-m-dngo-l2-0.0001-nnt-fixed-nn-10-agg-max-init-50-k-200-f-branin,max,fixed,0,10,200,branin,1,0.0001
7dd0cebe,UCB,"['relu', 'relu', 'tanh']",1000,2018-08-25 20:44:40.466347,50,50,50,,1000,funcs,[3.08994582],[3.08994582],0.01,dngo,50,200,7dd0cebe--g-funcs-s-4-m-dngo-l2-0.0001-nnt-retrain-reset-nn-5-agg-average-init-50-k-200-f-hartmann6,average,retrain-reset,0,5,80,hartmann6,4,0.0001
7e71cef0,UCB,"['relu', 'relu', 'tanh']",1000,2018-08-25 11:48:08.856867,50,50,50,,1000,funcs,[-0.89716981],[-0.89716981],0.01,gp,2,100,7e71cef0--g-funcs-s-1-f-cnn_cifar10-m-gp-init-2-k-100,median,fixed,0,1,100,cnn_cifar10,1,0.0
804878ce,UCB,"['relu', 'relu', 'tanh']",1000,2018-08-24 16:53:26.319553,50,50,50,,1000,epoch,[0.00072309],[3.86205645],0.01,dngo,20,200,804878ce--g-epoch-s-1-m-dngo-l2-0.0001-nnt-fixed-init-20-k-200-e-1000-f-hartmann3,median,fixed,0,1,200,hartmann3,1,0.0001
807e6ca6,UCB,"['relu', 'relu', 'tanh']",1000,2018-08-25 15:06:37.697558,50,50,50,,1000,funcs,[-0.4285117],[-0.4285117],0.01,dngo,50,200,807e6ca6--g-funcs-s-3-m-dngo-l2-0.0001-nnt-fixed-init-50-k-200-f-branin,median,fixed,0,1,200,branin,3,0.0001
826d9a0a,UCB,"['relu', 'relu', 'tanh']",1000,2018-08-25 15:06:36.080725,50,50,50,,1000,funcs,[3.85895971],[3.85895971],0.01,dngo,50,200,826d9a0a--g-funcs-s-3-m-dngo-l2-0.0001-nnt-retrain-nn-5-agg-average-init-50-k-200-f-hartmann3,average,retrain,0,5,150,hartmann3,3,0.0001
82cf8dfc,UCB,"['relu', 'relu', 'tanh']",1000,2018-08-24 09:37:15.393489,50,50,50,,1000,funcs,[2.01107015e-08],[6.02073998],0.01,dngo,50,200,82cf8dfc--g-funcs-s-1-m-dngo-nnt-retrain-init-50-k-200-f-forrester,median,retrain,0,1,200,forrester,1,0.0
82f87e74,UCB,"['relu', 'relu', 'tanh']",1000,2018-08-24 09:41:44.053439,50,50,50,,1000,funcs,[0.00127572],[1.0303527],0.01,dngo,50,200,82f87e74--g-funcs-s-1-m-dngo-nn-10-agg-average-init-50-k-200-f-camelback,average,fixed,0,10,150,camelback,1,0.0
865ac4f2,UCB,"['relu', 'relu', 'tanh']",1000,2018-08-24 10:09:19.901147,50,50,50,,1000,funcs,[2.6234158e-07],[6.02073974],0.01,dngo,50,200,865ac4f2--g-funcs-s-1-m-dngo-nnt-retrain-reset-init-50-k-200-f-forrester,median,retrain-reset,0,1,200,forrester,1,0.0
870bc12c,UCB,"['relu', 'relu', 'tanh']",1000,2018-08-24 09:41:43.806074,50,50,50,,1000,funcs,[0.22808559],[3.09428243],0.01,dngo,50,200,870bc12c--g-funcs-s-1-m-dngo-nn-10-agg-average-init-50-k-200-f-hartmann6,average,fixed,0,10,20,hartmann6,1,0.0
871c8740,UCB,"['relu', 'relu', 'tanh']",1000,2018-08-24 13:23:14.795026,50,50,50,,1000,l2,[0.04051676],[-0.43840412],0.01,dngo,20,200,871c8740--g-l2-s-1-m-dngo-nnt-fixed-init-20-k-200-l2-0.001-f-branin,median,fixed,0,1,200,branin,1,0.001
87feed08,UCB,"['relu', 'relu', 'tanh']",1000,2018-08-24 09:41:14.555542,50,50,50,,1000,funcs,[7.43765749e-09],[-0.04292635],0.01,dngo,50,200,87feed08--g-funcs-s-1-m-dngo-init-50-k-200-f-sinone,median,fixed,0,1,200,sinone,1,0.0
8857fddd,UCB,"['relu', 'relu', 'tanh']",1000,2018-08-24 10:05:21.797918,50,50,50,,1000,funcs,[8.05868542e-06],[1.03162036],0.01,dngo,50,200,8857fddd--g-funcs-s-1-m-dngo-nnt-retrain-reset-init-50-k-200-f-camelback,median,retrain-reset,0,1,200,camelback,1,0.0
88aa8892,UCB,"['relu', 'relu', 'tanh']",1000,2018-08-25 13:12:42.241428,50,50,50,,1000,funcs,[3.86236645],[3.86236645],0.01,dngo,50,200,88aa8892--g-funcs-s-2-m-dngo-l2-0.0001-nnt-retrain-reset-init-50-k-200-f-hartmann3,median,retrain-reset,0,1,180,hartmann3,2,0.0001
896460f6,UCB,"['relu', 'relu', 'tanh']",1000,2018-08-24 09:37:45.169269,50,50,50,,1000,funcs,[0.01493827],[1.01669015],0.01,dngo,50,200,896460f6--g-funcs-s-1-m-dngo-nnt-retrain-nn-10-agg-average-init-50-k-200-f-camelback,average,retrain,0,10,160,camelback,1,0.0
89aaa54c,UCB,"['relu', 'relu', 'tanh']",1000,2018-08-25 20:43:40.376748,50,50,50,,1000,funcs,[-0.41346418],[-0.41346418],0.01,dngo,50,200,89aaa54c--g-funcs-s-4-m-dngo-l2-0.0001-nnt-retrain-nn-5-agg-average-init-50-k-200-f-branin,average,retrain,0,5,200,branin,4,0.0001
89ccef01,UCB,"['relu', 'relu', 'tanh']",1000,2018-08-25 20:43:08.455174,50,50,50,,1000,funcs,[2.06276919],[2.06276919],0.01,dngo,50,200,89ccef01--g-funcs-s-1-m-dngo-l2-0.0001-nnt-fixed-nn-10-agg-max-init-50-k-200-f-hartmann6,max,fixed,0,10,10,hartmann6,1,0.0001
8a868756,UCB,"['relu', 'relu', 'tanh']",1000,2018-08-24 11:43:05.909979,50,50,50,,1000,funcs,[0.00212896],[3.86065057],0.01,dngo,50,200,8a868756--g-funcs-s-1-m-dngo-init-50-k-200-f-hartmann3,median,fixed,0,1,200,hartmann3,1,0.0
8aa1c5b9,UCB,"['relu', 'relu', 'tanh']",1000,2018-08-24 09:37:14.092169,50,50,50,,1000,funcs,[8.05868542e-06],[1.03162036],0.01,dngo,50,200,8aa1c5b9--g-funcs-s-1-m-dngo-nnt-retrain-init-50-k-200-f-camelback,median,retrain,0,1,200,camelback,1,0.0
8c6269e1,UCB,"['relu', 'relu', 'tanh']",1000,2018-08-25 11:49:19.298657,50,50,50,,1000,funcs,[-0.0707],[-0.0707],0.01,dngo,20,100,8c6269e1--g-funcs-s-1-m-dngo-l2-0.0001-nnt-retrain-reset-init-20-k-100-f-logistic_regression_mnist,median,retrain-reset,0,1,100,logistic_regression_mnist,1,0.0001
8cf23d41,UCB,"['relu', 'relu', 'tanh']",1000,2018-08-25 13:12:09.371098,50,50,50,,1000,funcs,[3.12291876],[3.12291876],0.01,dngo,50,200,8cf23d41--g-funcs-s-2-m-dngo-l2-0.0001-nnt-retrain-init-50-k-200-f-hartmann6,median,retrain,0,1,140,hartmann6,2,0.0001
8d695d12,UCB,"['relu', 'relu', 'tanh']",1000,2018-08-24 10:29:50.018602,50,50,50,,1000,funcs,[1.47697946e-08],[-0.04292636],0.01,dngo,50,200,8d695d12--g-funcs-s-1-m-dngo-nnt-retrain-reset-init-50-k-200-f-sinone,median,retrain-reset,0,1,200,sinone,1,0.0
8df3ec63,UCB,"['relu', 'relu', 'tanh']",1000,2018-08-24 11:33:37.637330,50,50,50,,1000,funcs,[2.79305337e-06],[6.02073721],0.01,dngo,50,200,8df3ec63--g-funcs-s-1-m-dngo-nnt-retrain-reset-nn-10-agg-average-init-50-k-200-f-forrester,average,retrain-reset,0,10,120,forrester,1,0.0
8ebe7af6,UCB,"['relu', 'relu', 'tanh']",1000,2018-08-24 09:37:15.721828,50,50,50,,1000,funcs,[0.04307876],[3.81970077],0.01,dngo,50,200,8ebe7af6--g-funcs-s-1-m-dngo-nnt-retrain-nn-10-agg-average-init-50-k-200-f-hartmann3,average,retrain,0,10,50,hartmann3,1,0.0
8f4db8cf,UCB,"['relu', 'relu', 'tanh']",1000,2018-08-24 11:33:37.215193,50,50,50,,1000,funcs,[0.00907743],[1.02255099],0.01,dngo,50,200,8f4db8cf--g-funcs-s-1-m-dngo-nnt-retrain-reset-nn-10-agg-average-init-50-k-200-f-camelback,average,retrain-reset,0,10,150,camelback,1,0.0
907d0709,UCB,"['relu', 'relu', 'tanh']",1000,2018-08-24 09:56:20.939692,50,50,50,,1000,funcs,[0.00236548],[-0.00420815],0.01,dngo,50,200,907d0709--g-funcs-s-1-m-dngo-nn-10-agg-average-init-50-k-200-f-sintwo,average,fixed,0,10,70,sintwo,1,0.0
91437076,UCB,"['relu', 'relu', 'tanh']",1000,2018-08-25 15:07:06.367760,50,50,50,,1000,funcs,[3.8627725],[3.8627725],0.01,gp,50,200,91437076--g-funcs-s-4-m-gp-init-50-k-200-f-hartmann3,median,fixed,0,1,200,hartmann3,4,0.0
91953e59,UCB,"['relu', 'relu', 'tanh']",1000,2018-08-25 13:13:11.447911,50,50,50,,1000,funcs,[3.85903257],[3.85903257],0.01,dngo,50,200,91953e59--g-funcs-s-2-m-dngo-l2-0.0001-nnt-retrain-nn-5-agg-average-init-50-k-200-f-hartmann3,average,retrain,0,5,70,hartmann3,2,0.0001
9233fc6d,UCB,"['relu', 'relu', 'tanh']",1000,2018-08-25 13:12:09.165258,50,50,50,,1000,funcs,[3.83946988],[3.83946988],0.01,dngo,50,200,9233fc6d--g-funcs-s-2-m-dngo-l2-0.0001-nnt-fixed-nn-10-agg-average-init-50-k-200-f-hartmann3,average,fixed,0,10,30,hartmann3,2,0.0001
93618d5f,UCB,"['relu', 'relu', 'tanh']",1000,2018-08-25 15:07:06.740333,50,50,50,,1000,funcs,[3.86119876],[3.86119876],0.01,dngo,50,200,93618d5f--g-funcs-s-4-m-dngo-l2-0.0001-nnt-retrain-init-50-k-200-f-hartmann3,median,retrain,0,1,200,hartmann3,4,0.0001
937368b0,UCB,"['relu', 'relu', 'tanh']",1000,2018-08-24 09:40:48.432606,50,50,50,,1000,funcs,[2.70498403e-07],[3.86277926],0.01,gp,50,200,937368b0--g-funcs-s-1-m-gp-init-50-k-200-f-hartmann3,median,fixed,0,1,200,hartmann3,1,0.0
94c32077,UCB,"['relu', 'relu', 'tanh']",1000,2018-08-24 09:43:43.908958,50,50,50,,1000,funcs,[5.1704504e-06],[6.02073483],0.01,dngo,50,200,94c32077--g-funcs-s-1-m-dngo-nn-10-agg-average-init-50-k-200-f-forrester,average,fixed,0,10,120,forrester,1,0.0
95cc6309,UCB,"['relu', 'relu', 'tanh']",1000,2018-08-24 09:41:14.183454,50,50,50,,1000,funcs,[7.15985468e-05],[3.86270793],0.01,dngo,50,200,95cc6309--g-funcs-s-1-m-dngo-init-50-k-200-f-hartmann3,median,fixed,0,1,200,hartmann3,1,0.0
960cb6d0,UCB,"['relu', 'relu', 'tanh']",1000,2018-08-25 13:11:09.968803,50,50,50,,1000,funcs,[-0.39788765],[-0.39788765],0.01,gp,50,200,960cb6d0--g-funcs-s-2-m-gp-init-50-k-200-f-branin,median,fixed,0,1,170,branin,2,0.0
96e1b789,UCB,"['relu', 'relu', 'tanh']",1000,2018-08-24 09:37:44.979860,50,50,50,,1000,funcs,[0.01360762],[-0.01545029],0.01,dngo,50,200,96e1b789--g-funcs-s-1-m-dngo-nnt-retrain-nn-10-agg-average-init-50-k-200-f-sintwo,average,retrain,0,10,60,sintwo,1,0.0
9715adac,UCB,"['relu', 'relu', 'tanh']",1000,2018-08-25 15:06:36.415241,50,50,50,,1000,funcs,[3.85651404],[3.85651404],0.01,dngo,50,200,9715adac--g-funcs-s-3-m-dngo-l2-0.0001-nnt-fixed-init-50-k-200-f-hartmann3,median,fixed,0,1,150,hartmann3,3,0.0001
999161aa,UCB,"['relu', 'relu', 'tanh']",1000,2018-08-24 09:37:14.082830,50,50,50,,1000,funcs,[0.02630201],[3.29606601],0.01,dngo,50,200,999161aa--g-funcs-s-1-m-dngo-nnt-retrain-init-50-k-200-f-hartmann6,median,retrain,0,1,120,hartmann6,1,0.0
9a42059d,UCB,"['relu', 'relu', 'tanh']",1000,2018-08-25 13:18:08.258937,50,50,50,,1000,funcs,[3.18755152],[3.18755152],0.01,dngo,50,200,9a42059d--g-funcs-s-2-m-dngo-l2-0.0001-nnt-retrain-reset-nn-5-agg-average-init-50-k-200-f-hartmann6,average,retrain-reset,0,5,110,hartmann6,2,0.0001
9d1c62a4,UCB,"['relu', 'relu', 'tanh']",1000,2018-08-24 12:37:32.892999,50,50,50,,1000,funcs,[0.00636146],[3.85641807],0.01,dngo,50,200,9d1c62a4--g-funcs-s-1-m-dngo-nn-10-agg-average-init-50-k-200-f-hartmann3,average,fixed,0,10,40,hartmann3,1,0.0
a0bb6e94,UCB,"['relu', 'relu', 'tanh']",1000,2018-08-24 09:37:15.459781,50,50,50,,1000,funcs,[1.62709662e-06],[-1.62709662e-06],0.01,dngo,50,200,a0bb6e94--g-funcs-s-1-m-dngo-nnt-retrain-init-50-k-200-f-levy,median,retrain,0,1,200,levy,1,0.0
a26e12f5,UCB,"['relu', 'relu', 'tanh']",1000,2018-08-25 15:38:40.511255,50,50,50,,1000,funcs,[-0.42693386],[-0.42693386],0.01,dngo,50,200,a26e12f5--g-funcs-s-3-m-dngo-l2-0.0001-nnt-fixed-nn-10-agg-max-init-50-k-200-f-branin,max,fixed,0,10,200,branin,3,0.0001
a4269715,UCB,"['relu', 'relu', 'tanh']",1000,2018-08-24 16:53:24.793593,50,50,50,,1000,epoch,[0.00080289],[-0.39869025],0.01,dngo,20,200,a4269715--g-epoch-s-1-m-dngo-l2-0.0001-nnt-fixed-init-20-k-200-e-1000-f-branin,median,fixed,0,1,200,branin,1,0.0001
a44c1874,UCB,"['relu', 'relu', 'tanh']",1000,2018-08-24 09:40:48.297417,50,50,50,,1000,funcs,[0.00222877],[-0.00407144],0.01,gp,50,200,a44c1874--g-funcs-s-1-m-gp-init-50-k-200-f-sintwo,median,fixed,0,1,200,sintwo,1,0.0
a56cb708,UCB,"['relu', 'relu', 'tanh']",1000,2018-08-24 12:51:02.972181,50,50,50,,1000,funcs,[2.15941437e-07],[6.02073978],0.01,dngo,50,200,a56cb708--g-funcs-s-1-m-dngo-nn-10-agg-average-init-50-k-200-f-forrester,average,fixed,0,10,140,forrester,1,0.0
a63977d8,UCB,"['relu', 'relu', 'tanh']",1000,2018-08-24 09:37:45.003387,50,50,50,,1000,funcs,[1.94979031e-06],[6.02073805],0.01,dngo,50,200,a63977d8--g-funcs-s-1-m-dngo-nnt-retrain-nn-10-agg-average-init-50-k-200-f-forrester,average,retrain,0,10,120,forrester,1,0.0
a6896701,UCB,"['relu', 'relu', 'tanh']",1000,2018-08-24 09:40:47.004300,50,50,50,,1000,funcs,[1.68589157e-05],[-0.39790422],0.01,gp,50,200,a6896701--g-funcs-s-1-m-gp-init-50-k-200-f-branin,median,fixed,0,1,200,branin,1,0.0
a6d040aa,UCB,"['relu', 'relu', 'tanh']",1000,2018-08-24 12:22:58.880486,50,50,50,,1000,funcs,[0.02375857],[-0.42164592],0.01,dngo,50,200,a6d040aa--g-funcs-s-1-m-dngo-nn-10-agg-average-init-50-k-200-f-branin,average,fixed,0,10,200,branin,1,0.0
a75cacdd,UCB,"['relu', 'relu', 'tanh']",1000,2018-08-25 15:06:37.073456,50,50,50,,1000,funcs,[2.52242372],[2.52242372],0.01,dngo,50,200,a75cacdd--g-funcs-s-3-m-dngo-l2-0.0001-nnt-fixed-nn-10-agg-average-init-50-k-200-f-hartmann6,average,fixed,0,10,10,hartmann6,3,0.0001
a934b3cf,UCB,"['relu', 'relu', 'tanh']",1000,2018-08-24 13:28:06.725203,50,50,50,,1000,l2,[0.01038785],[-0.40827521],0.01,dngo,20,200,a934b3cf--g-l2-s-1-m-dngo-nnt-fixed-init-20-k-200-l2-0.0001-f-branin,median,fixed,0,1,200,branin,1,0.0001
ad959960,UCB,"['relu', 'relu', 'tanh']",1000,2018-08-25 13:12:42.397272,50,50,50,,1000,funcs,[-0.39968184],[-0.39968184],0.01,dngo,50,200,ad959960--g-funcs-s-2-m-dngo-l2-0.0001-nnt-retrain-nn-5-agg-average-init-50-k-200-f-branin,average,retrain,0,5,200,branin,2,0.0001
aec38dbe,UCB,"['relu', 'relu', 'tanh']",1000,2018-08-24 11:33:37.415456,50,50,50,,1000,funcs,[0.00352959],[-0.00537226],0.01,dngo,50,200,aec38dbe--g-funcs-s-1-m-dngo-nnt-retrain-reset-nn-10-agg-average-init-50-k-200-f-sintwo,average,retrain-reset,0,10,70,sintwo,1,0.0
aeccf81d,UCB,"['relu', 'relu', 'tanh']",1000,2018-08-25 15:07:05.159066,50,50,50,,1000,funcs,[3.76114328],[3.76114328],0.01,dngo,50,200,aeccf81d--g-funcs-s-4-m-dngo-l2-0.0001-nnt-fixed-nn-10-agg-average-init-50-k-200-f-hartmann3,average,fixed,0,10,30,hartmann3,4,0.0001
af792b32,UCB,"['relu', 'relu', 'tanh']",1000,2018-08-24 12:50:33.063105,50,50,50,,1000,funcs,[0.04208544],[0.98954298],0.01,dngo,50,200,af792b32--g-funcs-s-1-m-dngo-nn-10-agg-average-init-50-k-200-f-camelback,average,fixed,0,10,150,camelback,1,0.0
b25e9dc6,UCB,"['relu', 'relu', 'tanh']",1000,2018-08-24 11:50:35.685489,50,50,50,,1000,funcs,[5.57666846e-08],[6.02074006],0.01,dngo,50,200,b25e9dc6--g-funcs-s-1-m-dngo-init-50-k-200-f-forrester,median,fixed,0,1,200,forrester,1,0.0
b34df176,UCB,"['relu', 'relu', 'tanh']",1000,2018-08-24 09:37:14.671555,50,50,50,,1000,funcs,[0.00964284],[-0.4075302],0.01,dngo,50,200,b34df176--g-funcs-s-1-m-dngo-nnt-retrain-init-50-k-200-f-branin,median,retrain,0,1,200,branin,1,0.0
b354b7d7,UCB,"['relu', 'relu', 'tanh']",1000,2018-08-24 11:33:36.462219,50,50,50,,1000,funcs,[0.00581761],[3.85696192],0.01,dngo,50,200,b354b7d7--g-funcs-s-1-m-dngo-nnt-retrain-reset-nn-10-agg-average-init-50-k-200-f-hartmann3,average,retrain-reset,0,10,50,hartmann3,1,0.0
b4f10c8e,UCB,"['relu', 'relu', 'tanh']",1000,2018-08-24 09:40:47.218456,50,50,50,,1000,funcs,[0.73404002],[-0.73404002],0.01,gp,50,200,b4f10c8e--g-funcs-s-1-m-gp-init-50-k-200-f-bohachevsky,median,fixed,0,1,130,bohachevsky,1,0.0
b568ae04,UCB,"['relu', 'relu', 'tanh']",1000,2018-08-25 15:06:36.711275,50,50,50,,1000,funcs,[3.85913851],[3.85913851],0.01,dngo,50,200,b568ae04--g-funcs-s-3-m-dngo-l2-0.0001-nnt-retrain-init-50-k-200-f-hartmann3,median,retrain,0,1,200,hartmann3,3,0.0001
b58a2262,UCB,"['relu', 'relu', 'tanh']",1000,2018-08-24 09:37:15.708298,50,50,50,,1000,funcs,[6.02831311e-05],[-0.00190295],0.01,dngo,50,200,b58a2262--g-funcs-s-1-m-dngo-nnt-retrain-init-50-k-200-f-sintwo,median,retrain,0,1,200,sintwo,1,0.0
b61ff21c,UCB,"['relu', 'relu', 'tanh']",1000,2018-08-25 11:49:33.172382,50,50,50,,1000,funcs,[-0.0602],[-0.0602],0.01,gp,20,100,b61ff21c--g-funcs-s-1-m-gp-init-20-k-100-f-logistic_regression_mnist,median,fixed,0,1,100,logistic_regression_mnist,1,0.0
b65fe57b,UCB,"['relu', 'relu', 'tanh']",1000,2018-08-25 13:18:08.359289,50,50,50,,1000,funcs,[3.10730159],[3.10730159],0.01,dngo,50,200,b65fe57b--g-funcs-s-2-m-dngo-l2-0.0001-nnt-retrain-nn-5-agg-average-init-50-k-200-f-hartmann6,average,retrain,0,5,110,hartmann6,2,0.0001
b6ad48ba,UCB,"['relu', 'relu', 'tanh']",1000,2018-08-24 11:33:37.410257,50,50,50,,1000,funcs,[0.17964336],[-0.17964336],0.01,dngo,50,200,b6ad48ba--g-funcs-s-1-m-dngo-nnt-retrain-reset-nn-10-agg-average-init-50-k-200-f-rosenbrock,average,retrain-reset,0,10,200,rosenbrock,1,0.0
b767eff2,UCB,"['relu', 'relu', 'tanh']",1000,2018-08-24 16:53:25.158180,50,50,50,,10000,epoch,[0.0405183],[3.82226123],0.01,dngo,20,200,b767eff2--g-epoch-s-1-m-dngo-l2-0.0001-nnt-fixed-init-20-k-200-e-10000-f-hartmann3,median,fixed,0,1,200,hartmann3,1,0.0001
b9165e8e,UCB,"['relu', 'relu', 'tanh']",1000,2018-08-25 20:44:07.930086,50,50,50,,1000,funcs,[3.8604275],[3.8604275],0.01,dngo,50,200,b9165e8e--g-funcs-s-4-m-dngo-l2-0.0001-nnt-retrain-nn-5-agg-average-init-50-k-200-f-hartmann3,average,retrain,0,5,160,hartmann3,4,0.0001
b9c4c6ff,UCB,"['relu', 'relu', 'tanh']",1000,2018-08-24 09:50:48.001865,50,50,50,,1000,funcs,[5.14984147],[-5.14984147],0.01,dngo,50,200,b9c4c6ff--g-funcs-s-1-m-dngo-nn-10-agg-average-init-50-k-200-f-bohachevsky,average,fixed,0,10,200,bohachevsky,1,0.0
bd09309f,UCB,"['relu', 'relu', 'tanh']",1000,2018-08-24 10:13:49.893153,50,50,50,,1000,funcs,[4.66726524],[-4.66726524],0.01,dngo,50,200,bd09309f--g-funcs-s-1-m-dngo-nnt-retrain-reset-init-50-k-200-f-bohachevsky,median,retrain-reset,0,1,200,bohachevsky,1,0.0
bd56d5d6,UCB,"['relu', 'relu', 'tanh']",1000,2018-08-25 20:43:43.008873,50,50,50,,1000,funcs,[3.05362357],[3.05362357],0.01,dngo,50,200,bd56d5d6--g-funcs-s-3-m-dngo-l2-0.0001-nnt-retrain-reset-nn-5-agg-average-init-50-k-200-f-hartmann6,average,retrain-reset,0,5,70,hartmann6,3,0.0001
bed83262,UCB,"['relu', 'relu', 'tanh']",1000,2018-08-24 12:58:32.033040,50,50,50,,1000,funcs,[0.01039169],[-0.01223436],0.01,dngo,50,200,bed83262--g-funcs-s-1-m-dngo-nn-10-agg-average-init-50-k-200-f-sintwo,average,fixed,0,10,60,sintwo,1,0.0
c03927bd,UCB,"['relu', 'relu', 'tanh']",1000,2018-08-25 15:06:34.950117,50,50,50,,1000,funcs,[3.65037816],[3.65037816],0.01,dngo,50,200,c03927bd--g-funcs-s-3-m-dngo-l2-0.0001-nnt-fixed-nn-10-agg-average-init-50-k-200-f-hartmann3,average,fixed,0,10,20,hartmann3,3,0.0001
c0bd835e,UCB,"['relu', 'relu', 'tanh']",1000,2018-08-25 11:49:40.939503,50,50,50,,1000,funcs,[-0.89714346],[-0.89714346],0.01,dngo,2,100,c0bd835e--g-funcs-s-1-f-cnn_cifar10-m-dngo-l2-0.0001-nnt-retrain-reset-init-2-k-100,median,retrain-reset,0,1,30,cnn_cifar10,1,0.0001
c11008bc,UCB,"['relu', 'relu', 'tanh']",1000,2018-08-24 17:07:33.436667,50,50,50,,1000,funcs,[0.0595],[-0.0595],0.01,gp,20,100,c11008bc--g-funcs-s-1-m-gp-init-20-k-100-f-logistic_regression_mnist,median,fixed,0,1,90,logistic_regression_mnist,1,0.0
c1210b55,UCB,"['relu', 'relu', 'tanh']",1000,2018-08-24 09:40:46.815867,50,50,50,,1000,funcs,[4.71844785e-15],[-0.04292634],0.01,gp,50,200,c1210b55--g-funcs-s-1-m-gp-init-50-k-200-f-sinone,median,fixed,0,1,200,sinone,1,0.0
c134c93a,UCB,"['relu', 'relu', 'tanh']",1000,2018-08-24 10:04:20.907506,50,50,50,,1000,funcs,[0.0430516],[3.27931641],0.01,dngo,50,200,c134c93a--g-funcs-s-1-m-dngo-nnt-retrain-reset-init-50-k-200-f-hartmann6,median,retrain-reset,0,1,120,hartmann6,1,0.0
c18a001f,UCB,"['relu', 'relu', 'tanh']",1000,2018-08-24 12:19:12.629852,50,50,50,,1000,funcs,[1.59232089e-09],[-0.04292634],0.01,dngo,50,200,c18a001f--g-funcs-s-1-m-dngo-init-50-k-200-f-sinone,median,fixed,0,1,200,sinone,1,0.0
c596ab09,UCB,"['relu', 'relu', 'tanh']",1000,2018-08-25 11:49:41.000619,50,50,50,,1000,funcs,[-0.01227691],[-0.01227691],0.01,dngo,2,100,c596ab09--g-funcs-s-1-f-fcnet_mnist-m-dngo-l2-0.0001-nnt-retrain-reset-init-2-k-100,median,retrain-reset,0,1,100,fcnet_mnist,1,0.0001
c59a64fc,UCB,"['relu', 'relu', 'tanh']",1000,2018-08-24 16:52:55.441533,50,50,50,,1000,ensemble,[0.11721359],[-0.51510095],0.01,dngo,20,200,c59a64fc--g-ensemble-s-1-m-dngo-l2-0.0001-nnt-fixed-init-20-k-200-f-branin-nn-15-agg-average,average,fixed,0,15,200,branin,1,0.0001
c5ae5ee4,UCB,"['relu', 'relu', 'tanh']",1000,2018-08-24 11:33:37.201932,50,50,50,,1000,funcs,[1.76688745e-06],[-1.76688745e-06],0.01,dngo,50,200,c5ae5ee4--g-funcs-s-1-m-dngo-nnt-retrain-reset-nn-10-agg-average-init-50-k-200-f-levy,average,retrain-reset,0,10,200,levy,1,0.0
c6a3c4e1,UCB,"['relu', 'relu', 'tanh']",1000,2018-08-25 15:06:37.515772,50,50,50,,1000,funcs,[3.86277257],[3.86277257],0.01,gp,50,200,c6a3c4e1--g-funcs-s-3-m-gp-init-50-k-200-f-hartmann3,median,fixed,0,1,200,hartmann3,3,0.0
c778b3eb,UCB,"['relu', 'relu', 'tanh']",1000,2018-08-25 15:07:06.758061,50,50,50,,1000,funcs,[3.04465751],[3.04465751],0.01,dngo,50,200,c778b3eb--g-funcs-s-4-m-dngo-l2-0.0001-nnt-retrain-init-50-k-200-f-hartmann6,median,retrain,0,1,140,hartmann6,4,0.0001
c826388c,UCB,"['relu', 'relu', 'tanh']",1000,2018-08-25 15:06:38.886704,50,50,50,,1000,funcs,[-0.39876329],[-0.39876329],0.01,dngo,50,200,c826388c--g-funcs-s-3-m-dngo-l2-0.0001-nnt-retrain-nn-5-agg-average-init-50-k-200-f-branin,average,retrain,0,5,200,branin,3,0.0001
c8934bc9,UCB,"['relu', 'relu', 'tanh']",1000,2018-08-24 13:18:02.957754,50,50,50,,1000,n_init,[0.00422525],[-0.40211261],0.01,dngo,200,200,c8934bc9--g-init-s-1-m-dngo-nnt-fixed-init-200-k-200-e-1000-f-branin,median,fixed,0,1,200,branin,1,0.0
c99f3f3d,UCB,"['relu', 'relu', 'tanh']",1000,2018-08-24 16:52:26.181548,50,50,50,,1000,ensemble,[1.05619527],[-1.45408262],0.01,dngo,20,200,c99f3f3d--g-ensemble-s-1-m-dngo-l2-0.0001-nnt-fixed-init-20-k-200-f-branin-nn-10-agg-max,max,fixed,0,10,20,branin,1,0.0001
ca3dded5,UCB,"['relu', 'relu', 'tanh']",1000,2018-08-25 16:19:45.182672,50,50,50,,1000,funcs,[-0.40947028],[-0.40947028],0.01,dngo,50,200,ca3dded5--g-funcs-s-2-m-dngo-l2-0.0001-nnt-fixed-nn-10-agg-max-init-50-k-200-f-branin,max,fixed,0,10,200,branin,2,0.0001
ca82c051,UCB,"['relu', 'relu', 'tanh']",1000,2018-08-25 13:12:09.345913,50,50,50,,1000,funcs,[3.86183334],[3.86183334],0.01,dngo,50,200,ca82c051--g-funcs-s-2-m-dngo-l2-0.0001-nnt-retrain-init-50-k-200-f-hartmann3,median,retrain,0,1,200,hartmann3,2,0.0001
cb381061,UCB,"['relu', 'relu', 'tanh']",1000,2018-08-24 09:41:14.278711,50,50,50,,1000,funcs,[0.01785762],[-0.41574498],0.01,dngo,50,200,cb381061--g-funcs-s-1-m-dngo-nn-10-agg-average-init-50-k-200-f-branin,average,fixed,0,10,200,branin,1,0.0
ce800885,UCB,"['relu', 'relu', 'tanh']",1000,2018-08-25 13:11:09.951448,50,50,50,,1000,funcs,[3.04274197],[3.04274197],0.01,dngo,50,200,ce800885--g-funcs-s-2-m-dngo-l2-0.0001-nnt-fixed-init-50-k-200-f-hartmann6,median,fixed,0,1,100,hartmann6,2,0.0001
d07b7e91,UCB,"['relu', 'relu', 'tanh']",1000,2018-08-24 11:51:05.731749,50,50,50,,1000,funcs,[2.67400306],[-2.67400306],0.01,dngo,50,200,d07b7e91--g-funcs-s-1-m-dngo-init-50-k-200-f-bohachevsky,median,fixed,0,1,200,bohachevsky,1,0.0
d1e43141,UCB,"['relu', 'relu', 'tanh']",1000,2018-08-24 09:40:48.160619,50,50,50,,1000,funcs,[5.80496467e-12],[-5.80496467e-12],0.01,gp,50,200,d1e43141--g-funcs-s-1-m-gp-init-50-k-200-f-levy,median,fixed,0,1,200,levy,1,0.0
d25af831,UCB,"['relu', 'relu', 'tanh']",1000,2018-08-24 09:37:45.163069,50,50,50,,1000,funcs,[0.59429987],[-0.59429987],0.01,dngo,50,200,d25af831--g-funcs-s-1-m-dngo-nnt-retrain-nn-10-agg-average-init-50-k-200-f-rosenbrock,average,retrain,0,10,200,rosenbrock,1,0.0
d2a3624a,UCB,"['relu', 'relu', 'tanh']",1000,2018-08-24 09:37:45.137878,50,50,50,,1000,funcs,[9.09344203e-08],[-9.09344203e-08],0.01,dngo,50,200,d2a3624a--g-funcs-s-1-m-dngo-nnt-retrain-nn-10-agg-average-init-50-k-200-f-levy,average,retrain,0,10,200,levy,1,0.0
d4b1bc51,UCB,"['relu', 'relu', 'tanh']",1000,2018-08-24 12:57:03.142157,50,50,50,,1000,funcs,[5.70648687e-08],[-0.0429264],0.01,dngo,50,200,d4b1bc51--g-funcs-s-1-m-dngo-nn-10-agg-average-init-50-k-200-f-sinone,average,fixed,0,10,140,sinone,1,0.0
d4d3d7ae,UCB,"['relu', 'relu', 'tanh']",1000,2018-08-25 15:06:36.711799,50,50,50,,1000,funcs,[3.03804554],[3.03804554],0.01,dngo,50,200,d4d3d7ae--g-funcs-s-3-m-dngo-l2-0.0001-nnt-retrain-init-50-k-200-f-hartmann6,median,retrain,0,1,130,hartmann6,3,0.0001
d6119380,UCB,"['relu', 'relu', 'tanh']",1000,2018-08-24 09:37:15.722075,50,50,50,,1000,funcs,[0.00964284],[-0.4075302],0.01,dngo,50,200,d6119380--g-funcs-s-1-m-dngo-nnt-retrain-nn-10-agg-average-init-50-k-200-f-branin,average,retrain,0,10,200,branin,1,0.0
d68be6f0,UCB,"['relu', 'relu', 'tanh']",1000,2018-08-24 11:33:36.835348,50,50,50,,1000,funcs,[5.25859077],[-8.25859077],0.01,dngo,50,200,d68be6f0--g-funcs-s-1-m-dngo-nnt-retrain-reset-nn-10-agg-average-init-50-k-200-f-goldsteinprice,average,retrain-reset,0,10,130,goldsteinprice,1,0.0
d726d137,UCB,"['relu', 'relu', 'tanh']",1000,2018-08-24 16:52:55.433067,50,50,50,,1000,ensemble,[0.01835881],[-0.41624617],0.01,dngo,20,200,d726d137--g-ensemble-s-1-m-dngo-l2-0.0001-nnt-fixed-init-20-k-200-f-branin-nn-10-agg-average,average,fixed,0,10,200,branin,1,0.0001
d750fe44,UCB,"['relu', 'relu', 'tanh']",1000,2018-08-24 09:37:15.189162,50,50,50,,1000,funcs,[3.71351171e-08],[-0.04292638],0.01,dngo,50,200,d750fe44--g-funcs-s-1-m-dngo-nnt-retrain-init-50-k-200-f-sinone,median,retrain,0,1,200,sinone,1,0.0
d7d63868,UCB,"['relu', 'relu', 'tanh']",1000,2018-08-25 15:06:37.515767,50,50,50,,1000,funcs,[-0.39789379],[-0.39789379],0.01,gp,50,200,d7d63868--g-funcs-s-3-m-gp-init-50-k-200-f-branin,median,fixed,0,1,170,branin,3,0.0
d819760f,UCB,"['relu', 'relu', 'tanh']",1000,2018-08-24 13:37:02.850309,50,50,50,,1000,l2,[0.0134971],[-0.41138445],0.01,dngo,50,200,d819760f--g-l2-s-1-m-dngo-nnt-fixed-init-50-k-200-l2-0.0001-f-branin,median,fixed,0,1,200,branin,1,0.0001
d96ead14,UCB,"['relu', 'relu', 'tanh']",1000,2018-08-24 09:37:15.393474,50,50,50,,1000,funcs,[4.66726524],[-4.66726524],0.01,dngo,50,200,d96ead14--g-funcs-s-1-m-dngo-nnt-retrain-init-50-k-200-f-bohachevsky,median,retrain,0,1,200,bohachevsky,1,0.0
d9995d9e,UCB,"['relu', 'relu', 'tanh']",1000,2018-08-25 13:12:43.415240,50,50,50,,1000,funcs,[3.16829111],[3.16829111],0.01,dngo,50,200,d9995d9e--g-funcs-s-2-m-dngo-l2-0.0001-nnt-retrain-reset-init-50-k-200-f-hartmann6,median,retrain-reset,0,1,100,hartmann6,2,0.0001
dabd5cee,UCB,"['relu', 'relu', 'tanh']",1000,2018-08-24 16:52:26.795482,50,50,50,,1000,ensemble,[1.05619527],[-1.45408262],0.01,dngo,20,200,dabd5cee--g-ensemble-s-1-m-dngo-l2-0.0001-nnt-fixed-init-20-k-200-f-branin-nn-5-agg-max,max,fixed,0,5,20,branin,1,0.0001
dc1e5120,UCB,"['relu', 'relu', 'tanh']",1000,2018-08-25 15:30:42.417822,50,50,50,,1000,funcs,[3.16709779],[3.16709779],0.01,dngo,50,200,dc1e5120--g-funcs-s-4-m-dngo-l2-0.0001-nnt-retrain-reset-init-50-k-200-f-hartmann6,median,retrain-reset,0,1,120,hartmann6,4,0.0001
dd0e8929,UCB,"['relu', 'relu', 'tanh']",1000,2018-08-24 10:22:49.712496,50,50,50,,1000,funcs,[9.09344203e-08],[-9.09344203e-08],0.01,dngo,50,200,dd0e8929--g-funcs-s-1-m-dngo-nnt-retrain-reset-init-50-k-200-f-levy,median,retrain-reset,0,1,200,levy,1,0.0
de044241,UCB,"['relu', 'relu', 'tanh']",1000,2018-08-24 09:58:50.838875,50,50,50,,1000,funcs,[0.00384952],[-0.40173688],0.01,dngo,50,200,de044241--g-funcs-s-1-m-dngo-nnt-retrain-reset-init-50-k-200-f-branin,median,retrain-reset,0,1,200,branin,1,0.0
de9a750f,UCB,"['relu', 'relu', 'tanh']",1000,2018-08-25 15:07:06.603631,50,50,50,,1000,funcs,[-0.39829345],[-0.39829345],0.01,dngo,50,200,de9a750f--g-funcs-s-4-m-dngo-l2-0.0001-nnt-retrain-reset-init-50-k-200-f-branin,median,retrain-reset,0,1,200,branin,4,0.0001
df5eca32,UCB,"['relu', 'relu', 'tanh']",1000,2018-08-25 13:18:08.215461,50,50,50,,1000,funcs,[3.86212837],[3.86212837],0.01,dngo,50,200,df5eca32--g-funcs-s-2-m-dngo-l2-0.0001-nnt-retrain-reset-nn-5-agg-average-init-50-k-200-f-hartmann3,average,retrain-reset,0,5,200,hartmann3,2,0.0001
dfffa695,UCB,"['relu', 'relu', 'tanh']",1000,2018-08-24 09:41:14.555533,50,50,50,,1000,funcs,[0.00011432],[-0.00195699],0.01,dngo,50,200,dfffa695--g-funcs-s-1-m-dngo-init-50-k-200-f-sintwo,median,fixed,0,1,200,sintwo,1,0.0
e04e3ccc,UCB,"['relu', 'relu', 'tanh']",1000,2018-08-25 13:11:10.209647,50,50,50,,1000,funcs,[-0.40117899],[-0.40117899],0.01,dngo,50,200,e04e3ccc--g-funcs-s-2-m-dngo-l2-0.0001-nnt-fixed-init-50-k-200-f-branin,median,fixed,0,1,200,branin,2,0.0001
e0bb1582,UCB,"['relu', 'relu', 'tanh']",1000,2018-08-24 11:46:44.935123,50,50,50,,1000,funcs,[0.02093161],[1.01069681],0.01,dngo,50,200,e0bb1582--g-funcs-s-1-m-dngo-init-50-k-200-f-camelback,median,fixed,0,1,200,camelback,1,0.0
e10e0e5f,UCB,"['relu', 'relu', 'tanh']",1000,2018-08-24 16:52:55.107965,50,50,50,,1000,ensemble,[0.10340554],[-0.5012929],0.01,dngo,20,200,e10e0e5f--g-ensemble-s-1-m-dngo-l2-0.0001-nnt-fixed-init-20-k-200-f-branin-nn-5-agg-average,average,fixed,0,5,200,branin,1,0.0001
e1673718,UCB,"['relu', 'relu', 'tanh']",1000,2018-08-24 16:52:54.814085,50,50,50,,1000,ensemble,[0.00330156],[-0.40118891],0.01,dngo,20,200,e1673718--g-ensemble-s-1-m-dngo-l2-0.0001-nnt-fixed-init-20-k-200-f-branin-nn-10-agg-median,median,fixed,0,10,200,branin,1,0.0001
e445d1e3,UCB,"['relu', 'relu', 'tanh']",1000,2018-08-25 20:39:36.404855,50,50,50,,1000,funcs,[3.70829854],[3.70829854],0.01,dngo,50,200,e445d1e3--g-funcs-s-2-m-dngo-l2-0.0001-nnt-fixed-nn-10-agg-max-init-50-k-200-f-hartmann3,max,fixed,0,10,50,hartmann3,2,0.0001
e5d11f03,UCB,"['relu', 'relu', 'tanh']",1000,2018-08-25 15:06:39.053622,50,50,50,,1000,funcs,[3.86220574],[3.86220574],0.01,dngo,50,200,e5d11f03--g-funcs-s-3-m-dngo-l2-0.0001-nnt-retrain-reset-init-50-k-200-f-hartmann3,median,retrain-reset,0,1,180,hartmann3,3,0.0001
e64b805e,UCB,"['relu', 'relu', 'tanh']",1000,2018-08-24 12:22:58.931087,50,50,50,,1000,funcs,[0.00526019],[-0.00710286],0.01,dngo,50,200,e64b805e--g-funcs-s-1-m-dngo-init-50-k-200-f-sintwo,median,fixed,0,1,200,sintwo,1,0.0
e7adf8a3,UCB,"['relu', 'relu', 'tanh']",1000,2018-08-24 09:55:20.123436,50,50,50,,1000,funcs,[2.94443453e-07],[-0.04292664],0.01,dngo,50,200,e7adf8a3--g-funcs-s-1-m-dngo-nn-10-agg-average-init-50-k-200-f-sinone,average,fixed,0,10,140,sinone,1,0.0
e7bc0f1c,UCB,"['relu', 'relu', 'tanh']",1000,2018-08-25 15:07:06.556594,50,50,50,,1000,funcs,[2.64355955],[2.64355955],0.01,dngo,50,200,e7bc0f1c--g-funcs-s-4-m-dngo-l2-0.0001-nnt-fixed-nn-10-agg-average-init-50-k-200-f-hartmann6,average,fixed,0,10,10,hartmann6,4,0.0001
e7eda25a,UCB,"['relu', 'relu', 'tanh']",1000,2018-08-24 09:37:15.524387,50,50,50,,1000,funcs,[1.32559444],[-4.32559444],0.01,dngo,50,200,e7eda25a--g-funcs-s-1-m-dngo-nnt-retrain-init-50-k-200-f-goldsteinprice,median,retrain,0,1,200,goldsteinprice,1,0.0
e832c8a2,UCB,"['relu', 'relu', 'tanh']",1000,2018-08-24 11:33:37.138345,50,50,50,,1000,funcs,[0.48119603],[2.84117198],0.01,dngo,50,200,e832c8a2--g-funcs-s-1-m-dngo-nnt-retrain-reset-nn-10-agg-average-init-50-k-200-f-hartmann6,average,retrain-reset,0,10,20,hartmann6,1,0.0
e834b168,UCB,"['relu', 'relu', 'tanh']",1000,2018-08-24 09:37:14.671489,50,50,50,,1000,funcs,[0.00045847],[3.86232107],0.01,dngo,50,200,e834b168--g-funcs-s-1-m-dngo-nnt-retrain-init-50-k-200-f-hartmann3,median,retrain,0,1,200,hartmann3,1,0.0
e8af3045,UCB,"['relu', 'relu', 'tanh']",1000,2018-08-24 11:36:07.845337,50,50,50,,1000,funcs,[0.0134971],[-0.41138445],0.01,dngo,50,200,e8af3045--g-funcs-s-1-m-dngo-init-50-k-200-f-branin,median,fixed,0,1,200,branin,1,0.0
e9966cb6,UCB,"['relu', 'relu', 'tanh']",1000,2018-08-24 12:55:34.101721,50,50,50,,1000,funcs,[3.95101242],[-3.95101242],0.01,dngo,50,200,e9966cb6--g-funcs-s-1-m-dngo-nn-10-agg-average-init-50-k-200-f-rosenbrock,average,fixed,0,10,200,rosenbrock,1,0.0
ea2d33c6,UCB,"['relu', 'relu', 'tanh']",1000,2018-08-25 15:07:06.512824,50,50,50,,1000,funcs,[3.30063829],[3.30063829],0.01,gp,50,200,ea2d33c6--g-funcs-s-4-m-gp-init-50-k-200-f-hartmann6,median,fixed,0,1,180,hartmann6,4,0.0
ea717532,UCB,"['relu', 'relu', 'tanh']",1000,2018-08-25 15:06:37.055951,50,50,50,,1000,funcs,[-0.40316604],[-0.40316604],0.01,dngo,50,200,ea717532--g-funcs-s-3-m-dngo-l2-0.0001-nnt-retrain-init-50-k-200-f-branin,median,retrain,0,1,200,branin,3,0.0001
eaa37818,UCB,"['relu', 'relu', 'tanh']",1000,2018-08-25 11:49:55.538533,50,50,50,,1000,funcs,[-0.0148],[-0.0148],0.01,gp,2,100,eaa37818--g-funcs-s-1-f-svm_mnist-m-gp-init-2-k-100,median,fixed,0,1,10,svm_mnist,1,0.0
eaec92b2,UCB,"['relu', 'relu', 'tanh']",1000,2018-08-24 16:52:54.126330,50,50,50,,10000,epoch,[4.551641e-07],[-0.0429268],0.01,dngo,20,200,eaec92b2--g-epoch-s-1-m-dngo-l2-0.0001-nnt-fixed-init-20-k-200-e-10000-f-sinone,median,fixed,0,1,200,sinone,1,0.0001
ebbeb05e,UCB,"['relu', 'relu', 'tanh']",1000,2018-08-25 15:29:12.896198,50,50,50,,1000,funcs,[3.86140988],[3.86140988],0.01,dngo,50,200,ebbeb05e--g-funcs-s-4-m-dngo-l2-0.0001-nnt-retrain-reset-init-50-k-200-f-hartmann3,median,retrain-reset,0,1,170,hartmann3,4,0.0001
ed9ee306,UCB,"['relu', 'relu', 'tanh']",1000,2018-08-24 09:41:14.295498,50,50,50,,1000,funcs,[1.09539607],[-4.09539607],0.01,dngo,50,200,ed9ee306--g-funcs-s-1-m-dngo-init-50-k-200-f-goldsteinprice,median,fixed,0,1,200,goldsteinprice,1,0.0
edc653f9,UCB,"['relu', 'relu', 'tanh']",1000,2018-08-25 11:48:39.740777,50,50,50,,1000,funcs,[-0.07094781],[-0.07094781],0.01,dngo,2,100,edc653f9--g-funcs-s-1-f-lr_mnist-m-dngo-l2-0.0001-nnt-retrain-reset-init-2-k-100,median,retrain-reset,0,1,40,lr_mnist,1,0.0001
ef1d6aba,UCB,"['relu', 'relu', 'tanh']",1000,2018-08-24 09:40:47.331594,50,50,50,,1000,funcs,[5.57670603e-08],[6.02074006],0.01,gp,50,200,ef1d6aba--g-funcs-s-1-m-gp-init-50-k-200-f-forrester,median,fixed,0,1,200,forrester,1,0.0
f023d842,UCB,"['relu', 'relu', 'tanh']",1000,2018-08-24 09:41:14.255040,50,50,50,,1000,funcs,[0.00440589],[1.02722253],0.01,dngo,50,200,f023d842--g-funcs-s-1-m-dngo-init-50-k-200-f-camelback,median,fixed,0,1,200,camelback,1,0.0
f23e23ac,UCB,"['relu', 'relu', 'tanh']",1000,2018-08-24 09:41:14.317749,50,50,50,,1000,funcs,[0.0198679],[3.84291163],0.01,dngo,50,200,f23e23ac--g-funcs-s-1-m-dngo-nn-10-agg-average-init-50-k-200-f-hartmann3,average,fixed,0,10,50,hartmann3,1,0.0
f27011a2,UCB,"['relu', 'relu', 'tanh']",1000,2018-08-24 13:31:08.427587,50,50,50,,1000,l2,[0.01038782],[-0.40827518],0.01,dngo,20,200,f27011a2--g-l2-s-1-m-dngo-nnt-fixed-init-20-k-200-l2-0.00001-f-branin,median,fixed,0,1,200,branin,1,1e-05
f511e893,UCB,"['relu', 'relu', 'tanh']",1000,2018-08-25 15:53:41.026368,50,50,50,,1000,funcs,[2.30555174],[2.30555174],0.01,dngo,50,200,f511e893--g-funcs-s-3-m-dngo-l2-0.0001-nnt-fixed-nn-10-agg-max-init-50-k-200-f-hartmann6,max,fixed,0,10,20,hartmann6,3,0.0001
f551087e,UCB,"['relu', 'relu', 'tanh']",1000,2018-08-24 11:53:04.294310,50,50,50,,1000,funcs,[13.95357746],[-16.95357746],0.01,dngo,50,200,f551087e--g-funcs-s-1-m-dngo-init-50-k-200-f-goldsteinprice,median,fixed,0,1,200,goldsteinprice,1,0.0
f5ab35b8,UCB,"['relu', 'relu', 'tanh']",1000,2018-08-24 10:33:20.574310,50,50,50,,1000,funcs,[1.49485228e-05],[-0.00185762],0.01,dngo,50,200,f5ab35b8--g-funcs-s-1-m-dngo-nnt-retrain-reset-init-50-k-200-f-sintwo,median,retrain-reset,0,1,200,sintwo,1,0.0
f5c1db18,UCB,"['relu', 'relu', 'tanh']",1000,2018-08-24 09:37:13.629759,50,50,50,,1000,funcs,[0.93626041],[2.3861076],0.01,dngo,50,200,f5c1db18--g-funcs-s-1-m-dngo-nnt-retrain-nn-10-agg-average-init-50-k-200-f-hartmann6,average,retrain,0,10,20,hartmann6,1,0.0
f9ed611f,UCB,"['relu', 'relu', 'tanh']",1000,2018-08-24 17:10:08.727808,50,50,50,,1000,funcs,0.011461254716697455,-0.4093486124466975,0.01,dngo,50,200,f9ed611f--g-funcs-s-1-m-dngo-l2-0.0001-nnt-fixed-init-50-k-200-f-branin,median,fixed,0,1,200,branin,1,0.0001
fa24f771,UCB,"['relu', 'relu', 'tanh']",1000,2018-08-25 15:31:42.232521,50,50,50,,1000,funcs,[3.79678052],[3.79678052],0.01,dngo,50,200,fa24f771--g-funcs-s-4-m-dngo-l2-0.0001-nnt-fixed-nn-10-agg-max-init-50-k-200-f-hartmann3,max,fixed,0,10,50,hartmann3,4,0.0001
fada4d96,UCB,"['relu', 'relu', 'tanh']",1000,2018-08-24 13:37:35.354865,50,50,50,,1000,l2,[0.00964284],[-0.4075302],0.01,dngo,50,200,fada4d96--g-l2-s-1-m-dngo-nnt-fixed-init-50-k-200-l2-0.00001-f-branin,median,fixed,0,1,200,branin,1,1e-05
fb90c8ad,UCB,"['relu', 'relu', 'tanh']",1000,2018-08-25 20:40:10.149238,50,50,50,,1000,funcs,[2.79706223],[2.79706223],0.01,dngo,50,200,fb90c8ad--g-funcs-s-2-m-dngo-l2-0.0001-nnt-fixed-nn-10-agg-max-init-50-k-200-f-hartmann6,max,fixed,0,10,10,hartmann6,2,0.0001
fe9cf038,UCB,"['relu', 'relu', 'tanh']",1000,2018-08-25 13:11:12.726162,50,50,50,,1000,funcs,[3.11301498],[3.11301498],0.01,gp,50,200,fe9cf038--g-funcs-s-2-m-gp-init-50-k-200-f-hartmann6,median,fixed,0,1,180,hartmann6,2,0.0
ff0af6b7,UCB,"['relu', 'relu', 'tanh']",1000,2018-08-24 09:40:48.021931,50,50,50,,1000,funcs,[0.00110988],[3.32125813],0.01,gp,50,200,ff0af6b7--g-funcs-s-1-m-gp-init-50-k-200-f-hartmann6,median,fixed,0,1,200,hartmann6,1,0.0
ffd94d50,UCB,"['relu', 'relu', 'tanh']",1000,2018-08-25 20:44:38.144584,50,50,50,,1000,funcs,[3.8613478],[3.8613478],0.01,dngo,50,200,ffd94d50--g-funcs-s-4-m-dngo-l2-0.0001-nnt-retrain-reset-nn-5-agg-average-init-50-k-200-f-hartmann3,average,retrain-reset,0,5,140,hartmann3,4,0.0001
